name,url,industry,tier,audience,circulation_or_subs,content_types,typical_length,guidelines_url,contact_name,contact_email_or_form,cost,editorial_rules,relevance_1_5,suggested_angle,last_content_date,source_urls,status,rank,score,flags,deadline,also_listed_as
IEC Business Summit 2027 - Call for Content (Independent Electrical Contractors),https://ieci.org/call-for-content/,"Adjacent (plumbing, electrical, home services, FSM, workforce, L&D)",free,Electrical business owners and IEC chapter leaders,not found,"Panel (60 min), workshop (60 min), ask-the-expert (60 min)",60-minute sessions,https://ieci.org/call-for-content/,"Kari Messenger, CMP, DES, Director of Events",kmessenger@ieci.org,Free to submit (speaker compensation not found),"OPEN NOW: Call for Content open Jul 31 - Nov 6, 2026 (4 weeks left). Event Feb 7-10, 2027. Wants interactive formats; full Call for Content Guidelines document (not read) should be checked for vendor/commercial restrictions. Topic tracks include business management.",5,"Workshop co-led with an electrical/mechanical customer: 'Build a training system owners can run in 3 days' (94% completion, 3-day launch). Submit before Nov 6.",2026-07-30,"call for content, dates, contact: https://ieci.org/call-for-content/ (fetched 2026-10-09)",verified,1,73,,2026-11-06 (call for content closes),
ACHR News NEWSmakers Podcast,https://www.achrnews.com/media/podcasts/2904,HVAC; Mechanical Contracting,free,"HVACR contractors, owners, industry executives",not found,Interview podcast (NEWSmakers; also 'Beyond the Wrench' series),not found (episode pages not timed),https://www.achrnews.com/submission-guidelines,Dylan Kurt,dylankurt@achrnews.com,Free guest slot (earned). Vendor-hosted episodes appear to be sponsor/partner content (e.g. Podium AI episodes) - cost not found,"Pitch must include guest name/title, relevant HVACR experience and a SPECIFIC topic; 'do not submit general offers to make an executive available'. Contractors are the priority; manufacturers, associations, educators also considered when topic is timely. Same BNP exclusivity context as ACHR News. Page shows AI-vendor guests (Podium) so AI-in-trades topics are being booked",5,"Pitch a contractor ops leader + Quinn exec episode: 'Why best-tech knowledge stays trapped in heads and how 3-day launch training (94% completion, ~40% faster ramp - Quinn benchmark) fixes ramp time'. Pair with a customer GM",2026-09-30,podcast guest policy and contact: https://www.achrnews.com/submission-guidelines (fetched 2026-10-09) | episode list and AI-vendor episodes: https://www.achrnews.com/media/podcasts/2904 (fetched 2026-10-09) | newest episode date Sept 30 2026: https://www.achrnews.com/media/podcasts/2904-achr-news-podcast/play/811-is-your-back-office-leaking-revenue (fetched 2026-10-09),verified,2,69,,,ACHR NEWS NEWSmakers Podcast
NALP The Edge Magazine + Edge blog (National Association of Landscape Professionals),https://blog.landscapeprofessionals.org/,Landscaping,free,"Landscape/lawn care/tree care company owners and managers, NALP members",Magazine is member-only (members count not found); blog open to public,"Magazine features, Business Advice & Stories, Recruiting and Retention, Trends and Technology, ELEVATE session previews",not found,https://www.landscapeprofessionals.org/LP/LP/Media/planet-news.aspx,not found,"NALP HQ, Fairfax VA, 703-736-9666; email obfuscated - see page",Contributed route: not found (no public guidelines located). Paid: 'Advertise with Us' link and 2023 media kit PDF exist (rates not read),"No public contributor or AI policy found. Blog publishes speaker-driven pieces (ELEVATE session previews), so earned route runs via speaking/association relationships. NALP also runs a competing Learning Hub (free technician training for member contractors): position Quinn as complementary (company-specific SOP training) not a replacement.",5,"Pitch ELEVATE/Edge piece: 'Turning your best crew leader's know-how into onboarding: what a 446-person company learned' using White Knight: 446 employees, 226 courses, 97% participation, 96% completion, reported ~$1M/yr technician attrition cost reduction (meetquinn.ai/results/white-knight). NALP blog on 2026-10-06 ran an AI/SOP-automation session preview (Beyond SOPs), showing appetite for the theme.",2026-10-06,masthead/about magazine: https://www.landscapeprofessionals.org/LP/LP/Media/planet-news.aspx (fetched 2026-10-09) | recent article 2026-10-06: https://blog.landscapeprofessionals.org/beyond-sops-how-automation-and-ai-are-redefining-scale-in-the-landscape-industry/ (fetched 2026-10-09) | media kit link: https://www.landscapeprofessionals.org/images/lp/about/documents/NALP_Media_Kit_2023.pdf (fetched 2026-10-09) | Learning Hub: https://www.landscapeprofessionals.org/learninghub (fetched 2026-10-09),verified,3,69,,,
RIA International Restoration Convention - Call for Presentations,https://convention.restorationindustry.org/,Restoration,free,"Restoration owners, executives, managers and key staff (per call page)",not found,"Conference session proposals; categories include Talent Development & Mental Health, Technology & AI Tools, Sales/Marketing, Financial Mgmt, TPAs/Carriers",not found,https://convention.restorationindustry.org/call-presentations,not found,Online submission form (SUBMIT HERE button on call page); RIA info@restorationindustry.org,"Free to submit; speaker perks not stated on current page. 2027 convention April 4, 2027, Phoenix","DEADLINE Oct 16 2026 11:59PM (7 days from today). Presentations must be non-proprietary and educational, no sales or product-specific promotion. Planning Committee selects for topic balance. Pitch as practitioner-led (ideally co-present with a customer) not a vendor demo.",5,"Session: 'Ramping restoration techs faster: turning your best PM's job-site knowledge into trainable SOPs' (Talent Development track) using White Knight: 446 employees, 226 courses, 97% participation, 96% completion, reported ~$1M/yr technician attrition cost reduction (meetquinn.ai/results/white-knight); ideally co-presented with a restoration operator. Keep it product-neutral.",2026-10,call scope/categories/non-proprietary rule: https://convention.restorationindustry.org/call-presentations (fetched 2026-10-09) | deadline Oct 16 2026: https://convention.restorationindustry.org/important-dates (fetched 2026-10-09) | convention date Apr 4 2027: https://www.restorationindustry.org/ (fetched 2026-10-09),verified,4,69,vendor-restricted,2026-10-16 (convention call for presentations closes),
RoofersCoffeeShop (RCS) incl. Roofing Road Trips with Heidi and partner podcasts/webinars,https://rooferscoffeeshop.com/,Roofing,free,"Roofing contractors; 'over 18,000' newsletter readers (self-reported); also Canada/UK/Spanish editions","18,000+ Week in Roofing newsletter readers (site claim)","Articles, forum, podcasts (Roofing Road Trips with Heidi, Coffee Conversations, CoffeeCast, RLW, partner podcasts), webinars, eBooks, Roofing Influencers, newsletter",not found,https://rooferscoffeeshop.com/uploads/media/2020/03/rcs-editorial-guidelines.pdf (PDF could not be read as text; dated 2020),Heidi J. Ellsworth (host/contributor per about page); Vickie Sharples (founder),Contact form https://rooferscoffeeshop.com/contact-us ; phone (877) 419-0477,Free forum/article participation and podcast guests exist; display advertising and partner podcasts/webinars are paid via advertise page (rates not found),"Has editorial guidelines PDF (unread). Partner/vendor content ecosystem: manufacturers and software vendors are active partners, so vendor content is accepted. SIBLINGS: the Coffee Shops network (e.g., Metal, Coatings Coffee Shop; international editions) - cross-posting across them likely.",5,"Roofing Road Trips / Coffee Conversations guest spot, then a partner webinar; angle: 'best installer's knowledge trapped in one head' with White Knight numbers (relevant to Roofing Talent America workforce effort)",2026-09,"homepage newsletter size, recent posts: https://rooferscoffeeshop.com/ (fetched 2026-10-09) | advertise + guidelines PDF link: https://rooferscoffeeshop.com/advertise-on-rcs (fetched 2026-10-09) | contact form/phone: https://rooferscoffeeshop.com/contact-us (fetched 2026-10-09) | podcast series list incl Roofing Road Trips: https://rooferscoffeeshop.com/podcasts (fetched 2026-10-09) | about/founders: https://rooferscoffeeshop.com/about-us (fetched 2026-10-09)",verified,5,69,,,
Career Education Review (CECU),https://www.careereducationreview.net/,Trade Schools,free,"Career college owners, presidents, admissions/compliance leaders",Not found (site claims 100 years in circulation),"Contributed articles from school and vendor executives; compliance, workforce, AI, apprenticeship pieces","1,000-2,000 words (per search snippet, not read on page)",https://www.careereducationreview.net/,"Jenny Faubert (Editor, CER; SVP Communications, CECU)",obfuscated - see page (Contact Us page),"Free to contribute (per snippet); advertising page exists, rates not found","Fall 2026 issue (9/25/2026) carries bylines from vendor CEOs (Student First, Global Financial Aid Services) and Lincoln Tech's CEO ('AI Can't Turn a Wrench'), so vendor/executive bylines are accepted. Older guidelines PDF reportedly says informational not advertorial; submission guidelines page itself not read (not linked). Owned by CECU (association).",5,"Byline: 'What AI can't do in trade school - and what it can: closing the gap between classroom and the first 90 days on the job,' with employer data (White Knight (446 employees, 226 courses, 97% participation, 96% completion, reported ~$1M/yr technician attrition cost reduction per meetquinn.ai/results/white-knight)) and Quinn 94% completion / ~40% faster ramp as labeled benchmarks; non-promotional.",2026-09-25,"current issue, bylines, editor: https://www.careereducationreview.net/ (fetched 2026-10-09) | guidelines (search-snippet only, not read): https://www.careereducationreview.net/?p=5956 (fetched 2026-10-09)",verified,6,69,,,
Roofing Contractor (BNP Media),https://www.roofingcontractor.com/,Roofing,free,"Roofing contractors (residential, commercial, low/steep slope); site says 96% of audience involved in purchasing (2021 reader study)",not found (audience report is gated download),"Guest Column, contractor profiles, Best of Success podcast, webinars, Q&A, eMagazine; Sponsored Content (paid)",not found,not found (no public write-for-us page; Guest Column topic page exists: https://www.roofingcontractor.com/topics/2729-guest-column),"Art Aisner (Editor-in-Chief, RC and RSP); Tanja Kern and Patricia Soto Servin (Strategic Content Editors)",aisnera@bnpmedia.com; kernt@bnpmedia.com; sotoservinp@bnpmedia.com (listed on contact page),"Guest Column/podcast pitch: free via editor. Paid: Sponsored Content, webinars (webinars@bnpmedia.com), custom content, InfoCenters; no rates published","No public guest-column guidelines found; Sponsored Content must be 'objective, non-commercial'. SIBLING/PARENT: BNP Media also owns Roofing Supply Pro (same editorial team) and many trade titles (likely HVAC/other Quinn industries) - confirm exclusivity before multi-title placements. No AI policy found.",5,"Guest Column / Best of Success podcast pitch: 'Training roofing crews without hiring trainers' using White Knight: 446 employees, 226 courses, 97% participation, 96% completion, reported ~$1M/yr technician attrition cost reduction (meetquinn.ai/results/white-knight); or tech-attrition cost angle for roofing owners",2026-10,"homepage/nav+newest content: https://www.roofingcontractor.com/ (fetched 2026-10-09) | editors, sponsored-content rule, BNP parent: https://www.roofingcontractor.com/contactus (fetched 2026-10-09) | advertise offerings: https://www.roofingcontractor.com/advertise (fetched 2026-10-09) | guest column section: https://www.roofingcontractor.com/topics/2729-guest-column (fetched 2026-10-09)",verified,7,66,ai-policy,,
ACTE Techniques,https://www.acteonline.org/publications/techniques/,Trade Schools,free,"CTE teachers, administrators, postsecondary CTE leaders, industry partners",not found,"Feature articles, Classroom Connection, Effective Leadership, Spotlight, Careers Connect; proposals for themed issues","not found (brief proposal: subject matter, intent, readership value)",https://www.acteonline.org/publications/techniques/techniques-editorial-calendar/,Lia Milgram (managing editor),lmilgram@acteonline.org or Techniques submission form,Free to contribute; advertising via advertisingsales@acteonline.org (Lindsay Skender),"Proposal-first; written by CTE educators for CTE educators; objective reporting. Six issues/yr from 2026-27. Open deadlines: Nov/Dec 2026 (Centennial) proposals to Aug 1 (closed); Jan/Feb 2027 People of CTE closes Oct 1 (closed); Mar/Apr 2027 Marketing & Messaging closes Dec 1; May/Jun 2027 Modern CTE Classroom closes Feb 1. Fall 2027 themes (Innovation & Impact, Leadership in Times of Change, Emerging Technology Pathways) deadlines TBA. No AI policy or vendor rule found on pages read; assume no product promotion.",5,"Pitch a practitioner-voice proposal with a school partner for the Mar/Apr 2027 (messaging) or the fall 2027 Emerging Technology Pathways issue: how SOP-to-course AI and roleplay sims shorten ramp time in trades programs, citing White Knight (446 employees, 226 courses, 97% participation, 96% completion, reported ~$1M/yr technician attrition cost reduction per meetquinn.ai/results/white-knight) as the employer-side proof of what graduates will face; co-author with an instructor, avoid product pitch.",2026-09-14,"editorial calendar, contacts, deadlines: https://www.acteonline.org/publications/techniques/techniques-editorial-calendar/ (fetched 2026-10-09) | about Techniques, ad contact: https://www.acteonline.org/publications/techniques/about-techniques/ (fetched 2026-10-09) | recent article dates: https://www.acteonline.org/publications/techniques/ (fetched 2026-10-09)",verified,8,66,vendor-restricted; ai-policy,2026-12-01 (proposals for Mar/Apr 2027 issue),
Plant Services (Endeavor),https://www.plantservices.com/,Industrial Automation; Facilities Maintenance,free,Plant/maintenance/reliability managers and engineers; 'tens of thousands of facilities' (self-described),not found,"Articles, Industry Perspectives, What Works case studies, Members Only column (Maintenance Mindset), Ask the Experts, webinars, podcast (Great Question), awards",not found,not found (no public contributor guidelines page located),"Anna Townshend, Head of Content / Editor in Chief",obfuscated - see page (editor email shown on contact page),"Free to pitch editor; paid: advertising, webinars, eHandbooks, resource centers via sales team (Jason DeSarle, VP Sales); media kit and editorial calendar linked on contact page (rates not read)","SIBLINGS: Endeavor Business Media (IndustryWeek, Smart Industry, EHS Today, MH&L, New Equipment Digest; same Content team as Control Design). No public contributor, AI or vendor policy found - assume vendor-neutral, ask editor. Has dedicated Workforce section; partners with SMRP, EASA, ICML, UT Reliability and Maintainability Center (Reliability of Everything Culture Improvement Awards - culture/worker-engagement award fits Quinn customers)",5,"Pitch Anna Townshend a Workforce case study or Great Question podcast guest spot: how a maintenance organization turns SOPs and tribal knowledge into role-based training and mid-job answers; White Knight (446 employees, 226 courses, 97% participation, 96% completion; reported ~$1M/yr technician attrition-cost reduction per meetquinn.ai/results/white-knight); offer a plant-side customer co-presenter rather than Quinn staff",2026-10-09,"about (Endeavor, partners, awards): https://www.plantservices.com/about-us (fetched 2026-10-09) | contact (editor, sales, media kit): https://www.plantservices.com/contact-us (fetched 2026-10-09) | recency: https://www.plantservices.com/ (fetched 2026-10-09) | podcast: https://www.plantservices.com/podcasts/great-question-a-manufacturing-podcast (fetched 2026-10-09)",verified,9,65,vendor-restricted,,Plant Services (Endeavor Business Media)
ACCA conference and educational programs (speaker call),https://www.acca.org/education/accacallforpresenters,HVAC,free,"HVACR contractor owners/managers; ACCA 3,500 member companies","ACCA: 3,500 companies, 60,000 professionals (partner page)","Conference sessions (ACCA 2027 Mar 10-12 National Harbor, DC), webinars, other programs",not found,https://www.acca.org/education/accacallforpresenters,ACCA events team,events@acca.org; proposal form on guidelines page,"Free to speak but ACCA membership required; speakers get reduced registration only, no travel reimbursement",Rolling submissions. Speaker agreement has NO SALES PITCH rule; sellers barred from future events. Strong preference for contractor-led sessions - vendors advised to co-present with a contractor (ideally others than own clients). Membership (e.g. associate) must be in good standing at submission and presentation,5,"Contractor-led session co-presented by a Quinn customer ops leader: 'Cutting technician ramp time with SOP-based training' (White Knight data, 3-day launch); zero product demo",2026-10-07,"speaker rules and contact: https://www.acca.org/education/accacallforpresenters (fetched 2026-10-09) | member counts, associate membership: https://www.acca.org/about/partner-and-advertise (fetched 2026-10-09) | ACCA blog recency Oct 7 2026: https://www.acca.org/resources/hvac-blog-link (fetched 2026-10-09)",verified,10,65,vendor-restricted,,
PestWorld Magazine (NPMA),https://www.npmapestworld.org/your-business/pestworld-magazine/26-5-september-october-2026/,Pest Control,free,"NPMA member pest management company owners, managers (NPMA states 4,000+ member companies)",not found,"Feature articles, department columns (Marketing Edge, Standards, Ask the Expert - Sept/Oct 2026 issue ran an AI Ask the Expert piece), President's Message",not found,not found,not found,"npma@pestworld.org (general NPMA, listed on page); ad sales via YGS Group media kit https://mediakit.theygsgroup.com/npma/ (page returned no text)","Editorial route: not found. Ad Rates page returned HTTP 403, so paid route unverified",No public contributor guidelines found. Member-association publication; contributed 'Ask the Expert' and Marketing Edge departments suggest expert sourcing but process unknown. Issue themes are people/workforce (Sept-Oct 2026) which matches Quinn. Likely wants non-promotional content,5,"Pitch an Ask the Expert / workforce feature: how a pest company turned SOPs into courses and AI coaching to cut technician attrition, using White Knight Pest Control: 446 employees, 226 courses, 97% participation, 96% completion, reported ~$1M/yr technician attrition cost reduction (meetquinn.ai/results/white-knight). Offer White Knight as co-author or interviewee only with their consent",2026-10,"issue page Sept-Oct 2026 contents/departments/contact: https://www.npmapestworld.org/your-business/pestworld-magazine/26-5-september-october-2026/ (fetched 2026-10-09) | Ad Rates 403: https://www.npmapestworld.org/your-business/pestworld-magazine/ad-rates/ (fetched 2026-10-09) | nav shows Ad Rates and 4,000+ members: https://www.npmapestworld.org (fetched 2026-10-09)",verified,11,65,vendor-restricted,,
Contracting Business (contributed content),https://www.contractingbusiness.com/,HVAC; Mechanical Contracting,free,"Owners, managers, technicians at residential/commercial HVACR contracting firms; some HVACR distribution managers","'more than 111,000 HVACR professionals' monthly on website (About page); print circulation not found",Case studies; technical articles; Best Practices columns (bylined); Thought Leadership; news/product releases,"Case studies 800-1,500 words; technical 800-1,200; Best Practices 800-1,100; thought leadership 800-1,500; product news up to 200",https://www.contractingbusiness.com/contributors-guidelines,Nicole Krawcke (pitches; Head of Content / editor of Contracting Business),obfuscated - see page (email pitch per guidelines page),Free (earned); paid media kit/content marketing via Endeavor (see separate row),"Articles must NOT promote a vendor's company, product or service; business/technical guidance only; case studies may reference products in body. Wants 'by contractors, for contractors'; consultants/freelancers/trainers accepted if no contractor available. Must be EXCLUSIVE to Contracting Business and not appear in another HVACR publication. AI policy: disclose Generative AI use; no more than 20% AI-derived text; italic AI note required. 120-day publishing rights agreement to Contracting Business/Endeavor. Topics listed include training programs, recruiting and retention, technician career tracks. Parent: Endeavor Business Media (its Affiliated Brands list names HPAC Engineering, CONTRACTOR, American School & University, Electrical Construction & Maintenance, Electrical Wholesaling) - exclusivity applies across HVACR titles, so confirm with editor before also pitching CONTRACTOR the same piece",5,"Best Practices column co-bylined with a customer: 'Starting an in-house training program without hiring trainers' (guidelines literally list in-house training center); use White Knight numbers (446 employees, 226 courses, 96% completion) as case data; vendor-neutral, Quinn only in bio; disclose any AI",2026-10-07,"guidelines, AI policy, exclusivity, pitch contact: https://www.contractingbusiness.com/contributors-guidelines (fetched 2026-10-09) | About: 111,000 monthly, editorial team: https://www.contractingbusiness.com/page/about-us (fetched 2026-10-09) | Endeavor parent and Affiliated Brands list; recency Oct 7 2026 podcast: https://www.contractingbusiness.com/podcasts/hvac-chats (fetched 2026-10-09)",verified,12,64,ai-policy; exclusivity,,Contracting Business | Contracting Business (advertising / content marketing)
IndustryWeek (Endeavor),https://www.industryweek.com/,Industrial Automation,free,"Executives, owners and senior managers at manufacturers (100 to 100,000 employees)",not found,Contributed articles/columns (online only; print is staff-written),"600-1,200 words",https://www.industryweek.com/industryweek-contributors-guidelines,Editor in charge of contributors (not named); Laura Putre handles book excerpts,obfuscated - see page (contributor email on guidelines page); pitch accepted in lieu of full article,Free (contributed); advertising via Advertise page (rates not found),"AI POLICY: no more than 10% of piece may derive from generative AI; must disclose where/degree AI helped. Must be first-run (not on author's own site either). Not promotional/product-pushing; no Q&A or interview-style pieces; AP style; contributor agreement; fact-checked with original-source hyperlinks; response in 2-4 weeks. SIBLINGS (Endeavor): Plant Services, Smart Industry, EHS Today, MH&L, Automation World, Control Design - no cross-brand exclusivity rule stated, but do not shop one piece to several Endeavor titles",5,"Talent-section column: 'Your best technician's knowledge is walking out the door' - how operators capture veteran know-how and cut ramp time without adding trainers; use White Knight (446 employees, 226 courses, 97% participation, 96% completion; reported ~$1M/yr technician attrition-cost reduction per meetquinn.ai/results/white-knight) as the operator-side proof; ~40% faster ramp (Quinn benchmark); no product pitch, bylined by an ops/training leader and AI use disclosed (Quinn is an AI company so write the piece human)",2026-10-07,guidelines (updated 6/23/2026): https://www.industryweek.com/industryweek-contributors-guidelines (fetched 2026-10-09) | recency/affiliates: https://www.industryweek.com/ (fetched 2026-10-09),verified,13,64,ai-policy; exclusivity,,
Restoration & Remediation (R&R) magazine - contributed articles,https://www.randrmagonline.com/,Restoration,free,"Restoration, mold/bio remediation professionals plus insurance claims/property-loss management (site meta description)",not found,"Expert articles (training, business mgmt, insurance), KnowHow/Education, videos (Ask Annissa), webinars, whitepapers, sponsor insights",not found,not found,"Kayla McGowan, Editor-in-Chief",mcgowank@bnpmedia.com,"Free for editorial; Sponsored Content, webinars, eBlasts, InfoCenters are paid via BNP sales","No public write-for-us guidelines found. Parent BNP Media: SIBLING EXCLUSIVITY - BNP also publishes ACHR News (HVAC row; requires EXCLUSIVE guest columns) and Maintenance Sales News; coordinate Quinn pitches across BNP titles. Sponsored Content must be 'non-commercial' per R&R. Site now has 'Ask R&R AI' feature; no AI-submission policy found. Competitor note: R&R's 'KnowHow' nav section and Playbook podcast are tied to KnowHow, a restoration training platform (see Playbook row).",5,"Email pitch to Kayla for a Training & Education byline: 'What a 3-day course launch taught a 446-person pest company about technician ramp' reframed for restoration, citing White Knight and Quinn's ~40% faster ramp benchmark (label as Quinn benchmark).",2026-10,homepage content/nav/date: https://www.randrmagonline.com/ (fetched 2026-10-09) | editor contact and sponsored-content rule: https://www.randrmagonline.com/contactus (fetched 2026-10-09) | BNP Maintenance Sales News mention: https://www.randrmagonline.com/ (fetched 2026-10-09),verified,14,64,ai-policy; exclusivity,,
CONTRACTOR (Contractor Magazine),https://www.contractormag.com/,"HVAC; Mechanical Contracting; Adjacent (plumbing, electrical, home services, FSM, workforce, L&D)",free,"Plumbing, hydronic and mechanical-systems company owners, administrators, technicians, designers (residential/commercial/industrial)",free subscription to qualified contractors; figures not found,Case studies; Best Practices columns; Thought Leadership; News Analysis; galleries; whitepapers; product news,"Case studies 800-1,500; Best Practices 800-1,100; thought leadership 800-1,500; Gallery 8-12 images + ~200 words",https://www.contractormag.com/contributors-guidelines,"Steve Spaulding, Editor-in-Chief",obfuscated - see page,Free (earned). Fee-based Sponsored Content / 'Preferred Media Partner Program' also offered,"Avoid commercial language and unsubstantiated claims ('best in class'); pieces may name brands/software but focus must stay on contractor and their work. AI: cannot publish content more than 20% AI-generated (AI allowed for research). Signed contributor agreement; content may go into newsletters/social. Parent: Endeavor Business Media sibling of Contracting Business (shared 'Affiliated Brands' navigation with CB; Endeavor name not text-verified on this site's page) - no exclusivity clause found in CONTRACTOR's guidelines but CB requires exclusivity, so do not double-place",5,"Mechanical/plumbing-hydronics angle: 'Cross-training techs on boilers, hydronics and heat pumps without pulling them off the truck' using Quinn Ask-Quinn mid-job SOP answers; or Under 30 All-Stars nomination of a customer's young tech",2026-10-09,"guidelines, AI cap, editor: https://www.contractormag.com/contributors-guidelines (fetched 2026-10-09) | about, columns, Under 30 All-Stars: https://www.contractormag.com/about-us (fetched 2026-10-09) | recency Oct 9 2026; Affiliated Brands: https://www.contractormag.com/ (fetched 2026-10-09)",verified,15,62,vendor-restricted; ai-policy,,"Contractor (plumbing, hydronic, mechanical)"
AutomatedBuildings.com,https://www.automatedbuildings.com/,Building Automation,free,"Controls engineers/technicians, system integrators, facility managers, BAS vendors, energy consultants, IT/OT","59K+ annual unique visitors; 752K monthly visits (May 2026); 24.5K social followers; LinkedIn group 5,000+ (self-reported media kit)","Contributing-editor articles, editorial board pieces, interviews, sponsor-posted articles/videos/events",not found,https://www.automatedbuildings.com/frequently-asked-questions-faq/,Ken Sinclair (founder); editorial board,sponsors@automatedbuildings.com (sponsorship); no public editorial pitch address found,"Free route: contributing editor / editorial-board-reviewed article. Paid route: sponsorship Silver $2,400/yr (2 feature articles/interviews), Gold $3,600 (4), Platinum $4,800 (6) per sponsor page last modified 2024-07",Editorial board reviews content for BAS relevance and thought leadership; sponsors post directly; independently owned; no AI policy found; no vendor ban found but heavy vendor/sponsor presence (Quinn is a software vendor so expect sponsor-vs-editor distinction); no sibling exclusivity found,5,"Byline on the technician skills gap: 'The Skill Set Is Changing' (Kelly Sinclair, 2026-10-06) frames what AI means for BAS people - pitch the training/ramp-time counterpart: how the White Knight rollout (446 employees 226 courses, 97% participation, 96% completion; ~$1M/yr reported attrition-cost reduction per meetquinn.ai/results/white-knight) captures veteran know-how for new controls techs; ~40% faster ramp (Quinn benchmark)",2026-10-08,homepage latest posts: https://www.automatedbuildings.com/ (fetched 2026-10-09) | sponsor tiers: https://www.automatedbuildings.com/become-a-sponsor/ (fetched 2026-10-09) | audience/traffic: https://www.automatedbuildings.com/media-kit/ (fetched 2026-10-09) | contributor/editorial model: https://www.automatedbuildings.com/frequently-asked-questions-faq/ (fetched 2026-10-09),verified,16,62,vendor-restricted; ai-policy,,
IFMA FMJ (Facility Management Journal),https://fmj.ifma.org/,Facilities Maintenance,free,"Global facility management professionals (IFMA 25,000+ members)",FMJ digital platform 125K+ followers (IFMA claim); IFMA 25K+ members; WIRE newsletter 31.8% open rate (IFMA claim),"Contributed articles incl. non-promotional case studies, 'Behind the Brand' digital features, annual World Workplace print issue (about 20 articles)","1,250-2,000 words",https://ifma.org/publications/fmj-submission,fmj@ifma.org listed as contact; proposal via online form,"fmj@ifma.org; Proposal Submission Form (https://ifma.org/publications/fmj-submission); ad contact expoadv@ifma.org, +1-713-623-4362","Contributed articles free; paid: FMJ advertising/sponsored content, WIRE sponsored content, 'Behind the Brand' (cost not found; likely paid-sponsor format, unconfirmed)","Abstract first, review up to 10 business days, min 4 weeks to publish; original, not published elsewhere; NON-ADVERTORIAL (avoid promoting products, services or companies); third person only, no I/we/you; global perspective; case studies OK if non-promotional; ungated resource links only. World Workplace print issue abstracts were due May 15, 2026 (passed). No AI policy found",5,"Abstract: 'Competency-based readiness for FM technicians: how organizations close the knowledge gap when top performers hold the know-how' written in third person with White Knight data (White Knight Pest Control: 446 employees, 226 courses, 97% participation, 96% completion, reported ~$1M/yr technician attrition cost reduction (meetquinn.ai/results/white-knight)) as a vendor-neutral case","2026-10 (site promoting World Workplace Anaheim, fall 2026; no dated article read)",guidelines: https://ifma.org/publications/fmj-submission (fetched 2026-10-09) | contact: https://www.ifma.org/publication/fmj-magazine/ (fetched 2026-10-09) | ads/audience: https://www.ifma.org/community/advertise-exhibit-or-sponsor/ (fetched 2026-10-09),verified,17,62,vendor-restricted; ai-policy,,
BUILDINGS (Endeavor Business Media),https://buildings.com/,Facilities Maintenance; Building Automation,free,"Building owners and facility managers (commercial, institutional)","Contact page claims audience of 70,004 decision-makers (publisher claim)","Educational how-to articles, e-books, podcast guests, case studies, product news (Buildings Buzz), webinars, awards","750-1,000 words",https://buildings.com/contributors-guidelines,"Janelle Penny, Editor in Chief (named on guidelines/about pages)",obfuscated - see page (https://buildings.com/contributors-guidelines); subscriber services +1 877-498-4668,Free for contributed content; advertising via buildings.com/advertise (rates not found),"Manufacturers ACCEPTED if 'completely vendor-neutral and non-promotional'; author preferably 'not someone in a marketing, PR, product manager or sales role'; company cannot be author (named individual required); EXCLUSIVE to BUILDINGS with 90-day exclusivity agreement; author agreement signed; claims like 'best in class' disallowed; sources cited for stats. Parent Endeavor Business Media (also owns Plant Services) - no cross-title exclusivity rule found. No AI policy found",5,"Educational how-to byline by a Quinn exec or customer: 'Getting facilities technicians productive faster: turning SOPs into field-ready training' with vendor-neutral method plus anonymized proof (White Knight Pest Control: 446 employees, 226 courses, 97% participation, 96% completion, reported ~$1M/yr technician attrition cost reduction (meetquinn.ai/results/white-knight)) used as data point only if editor allows","2026-09-23 (homepage articles; podcast Oct 5, 2026)",guidelines: https://buildings.com/contributors-guidelines (fetched 2026-10-09) | about/contact/audience: https://buildings.com/about-us and https://buildings.com/contact-us (fetched 2026-10-09) | parent: https://buildings.com/podcasts (fetched 2026-10-09),verified,18,60,vendor-restricted; ai-policy; exclusivity,,BUILDINGS Magazine (buildings.com)
Training Magazine (Lakewood Media Group),https://trainingmag.com,"Adjacent (plumbing, electrical, home services, FSM, workforce, L&D)",free,"Corporate training, HR and business professionals across industries",not found,"Magazine articles, online articles, Training Day blog, podcasts, webinars, whitepapers; awards (Training MVP, Emerging Training Leaders)","not found (old 2018 listing: online articles up to 1,000w, unverified)",https://partners.trainingmag.com/our-team/,"Grace (editorial submissions contact; surname not listed); Lorri Freifeld, Editor & Publisher",Grace@TrainingMag.com (guidelines on request) | Lorri@TrainingMag.com,"Free for editorial (per old listing, unpaid online articles - unconfirmed); sponsorships/content marketing via media kit (price not found); sales director Jeff Richards (Jeff@TrainingMag.com)",RESOLVED: no public guidelines page (trainingmag.com/faq/ returns 404); the publication says email Grace@TrainingMag.com for editorial submission guidelines or to speak to an editor. AI policy not found - ask. Separate from Training Industry (no shared parent).,4,"Email Grace for guidelines, then pitch an online article / Leadership Development Case Study using White Knight data (226 courses, 446 employees, 96% completion). Also consider Training MVP / Network Choice awards nominations.",2026-09,"editorial guidelines by email, team contacts: https://partners.trainingmag.com/our-team/ (fetched 2026-10-09) | homepage and recency: https://trainingmag.com/ (fetched 2026-10-09) | FAQ 404: https://trainingmag.com/faq/ (fetched 2026-10-09)",verified,19,59,,,
SMACNA (Fab Forum / Annual Convention / podcasts),https://www.smacna.org,Mechanical Contracting; HVAC,free,"Sheet metal and HVAC contractors (3,500 signatory firms, 100+ chapters)","3,500 member firms","Conference session proposals (Fab Forum), annual convention, podcasts, Construction Technology & AI playbook, news",not found,https://www.smacna.org/news/news-archive/article/2026/10/07/deadline-to-submit-your-fab-forum-session-proposal-approaching-fast,not found,https://www.smacna.org/about-smacna/contact-smacna,Free to propose; membership/associate membership or Premier Partner levels likely needed for vendor presence (not verified),"Fab Forum 2027 (Apr 4-6, Fort Worth) proposals closed Oct 9, 2026 - missed for 2027; watch next call. Technology & AI resource exists (angle opening). Vendor/sponsor rules not found",4,Offer a member-contractor + Quinn session on onboarding sheet-metal fabricators with SOP-based courses; pitch podcast / Technology Playbook contribution,2026-10-07,Fab Forum call: https://www.smacna.org/news/news-archive/article/2026/10/07/deadline-to-submit-your-fab-forum-session-proposal-approaching-fast (fetched 2026-10-09) | about/membership size: https://www.smacna.org (fetched 2026-10-09),verified,20,59,,,"SMACNA (media inquiries, FAB Forum, news)"
"NALP ELEVATE conference (Nov 8-11, 2026, Tampa)",https://www.landscapeprofessionals.org/,Landscaping,free,"Landscape, design-build and lawn care company leaders",not found,"Conference education sessions, speaker interviews on NALP blog",Session,not found,not found,form/email not found,Speaker route: no public 2026 call found (selection process unknown); 2027 call unverified. Exhibit/sponsor costs not found,NALP states education is selected by landscape professionals; practitioner co-presenters (a customer operator) are likely the realistic route. Not an AI-vendor-friendly guarantee: unknown.,4,Propose a 2027 session with a landscaping customer operator on SOP-to-course rollout and ramp time (Quinn benchmark ~40% faster ramp). Ask NALP education team about the 2027 call.,2026-10-06,homepage featured event: https://www.landscapeprofessionals.org/ (fetched 2026-10-09) | ELEVATE blog preview: https://blog.landscapeprofessionals.org/beyond-sops-how-automation-and-ai-are-redefining-scale-in-the-landscape-industry/ (fetched 2026-10-09),verified,21,59,,,
"Pest Control Millionaire (podcast, Jonas Olson)",https://www.buzzsprout.com/2092423,Pest Control,free,"Small and mid-size pest and lawn company owners (Facebook group 4,600+ members per episode notes)",207 episodes since 2022; weekly,Interview and live business-breakdown episodes,about 54-93 min,not found,Jonas Olson (host),not found (Buzzsprout page lists no email),Not found (guest spots appear free; network may sell sponsorship),"Owner-growth focus (M&A, pricing, marketing). Same network hosts Zip Code Kings and Pest Control Success Stories (Dan Leibrandt), so one pitch may reach several shows. No stated vendor rules",4,"Guest: 'Why growth stalls at 30-50 techs: training and consistency' with Quinn proof; fits owner-operator audience, less enterprise",2026-10-06,episodes and dates: https://www.buzzsprout.com/2092423 (fetched 2026-10-09) | about/contributors: https://www.buzzsprout.com/2092423/about (fetched 2026-10-09) | network shows (search only): https://www.audible.co.uk/podcast/Pest-Control-Success-Stories/B0FXT95CRD (fetched 2026-10-09),verified,22,59,,,
RIA Restoration Blog,https://www.restorationindustry.org/restoration-blog,Restoration,free,"RIA members and restoration contractors (RIA states 1,800+ industry professionals reached via sponsorship channels)","1,800+ professionals (RIA sponsorship page)","Member/partner articles; categories include Business & Operations Tips, Independent Voices, Partner Insights & Spotlights, Marketing & More",not found,not found,"Hannah (media/PR contact, surname not shown; email lists hgardyasz)",hgardyasz@restorationindustry.org (media room contact) ; info@restorationindustry.org,Free for outside-author posts seen (e.g. by-lined posts from vendor CEOs); RIA affinity partner/sponsor route is paid,"No public author guidelines found. Blog carries bylined outside posts (e.g. 'By Amanda Stichter, CEO of Virtual Vision Computing') so contributed content is accepted in practice; partners/affinity partners appear in Partner Insights. RIA also runs affinity-partner program with software vendors (Albiware, magicplan) - Quinn would be a vendor entry.",4,By-lined post 'Why your restoration SOPs live in the heads of your top 5 techs' with the White Knight 446-employee/226-course result; or Partner Insights spotlight if joining affinity program.,2026-09-22,blog listing and bylines: https://www.restorationindustry.org/restoration-blog (fetched 2026-10-09) | media contact: https://www.restorationindustry.org/restoration-industry-media (fetched 2026-10-09),verified,23,59,,,
Roofing Contractor - Best of Success Podcast Show,https://www.roofingcontractor.com/media/podcasts/5077,Roofing,free,"Roofing contractors, owners",not found,"Podcast interviews (contractors, experts, legal, marketing, events)",not found,not found,Art Aisner (EIC) / Tanja Kern (Strategic Content Editor),aisnera@bnpmedia.com; kernt@bnpmedia.com,Free guest spot if editors accept (no guest process published),"PARENT BNP Media - same exclusivity caution as Roofing Contractor. Guests so far include a manufacturer rep (TAMKO), a marketing agency, a roofing attorney, so vendor-affiliated guests appear. Episode on AI/robots (Trent Cotney) shows AI topics are of interest.",4,"Episode: 'How roofing companies turn SOPs and best-crew know-how into onboarding' (200+ ops teams; 3-day launch; ~40% faster ramp, Quinn benchmark)",2026-10,"podcast page, recent episodes incl. AI/robots: https://www.roofingcontractor.com/media/podcasts/5077 (fetched 2026-10-09)",verified,24,59,,,
Roofing (roofingmagazine.com),https://www.roofingmagazine.com/,Roofing,free,Roofing contractors/designers; 'Through the voices of professionals in the field',"not found (media kit is a download, not read)","Features, columns (Business Sense, Tech Point, Roofers' Choice), Industry Q&A, product news, podcast 'Roofing: The Industry's Voice'",not found,not found,"Chris King (Editor in Chief, per about page); Barrett Hahn and John Riester (VP Business Development) listed on contact page","obfuscated - see page (https://roofingmagazine.com/contact/); phone (919) 593-5318, (919) 641-6321 listed",Editorial pitch free; media kit/digital rates via advertise page (prices not found),No public contributor guidelines or AI policy found. Pitch the editor. Sibling/parent not identified on pages read.,4,Business Sense column pitch: 'Why roofing crews forget the SOP by week 3 - and how to measure readiness' with White Knight data,2026-10-07,"homepage nav: https://www.roofingmagazine.com/ (fetched 2026-10-09) | about, EIC, podcast host: https://roofingmagazine.com/about/ (fetched 2026-10-09) | contacts (obfuscated emails): https://roofingmagazine.com/contact/ (fetched 2026-10-09) | advertise/media kit: https://roofingmagazine.com/advertise/ (fetched 2026-10-09) | podcast page: https://roofingmagazine.com/podcasts/ (fetched 2026-10-09)",verified,25,59,,,
"NRCA (events, IRE speaker calls, member channels)",https://nrca.net/,Roofing,free,Roofing contractors (association),not found,"Events, International Roofing Expo education (run by Informa Markets), NRCA news",IRE sessions 60 minutes,https://www.nrca.net/RoofingNews/submit-a-topic-proposal-for-the-2027-ire.4-9-2026.13256/Details/Story,not found,IRE call: submission form via Informa Markets (link on NRCA notice),"Free to propose; IRE 2027 call deadline was April 18, 2026 (closed). Next call expected spring 2027 (pattern, not published)",IRE sessions must be 'free of promotional materials to sell a product or service'; applications-oriented. PARENT: Informa Markets runs IRE (Informa also owns Construction Dive via Informa TechTarget).,4,"Submit a 2028 IRE session in spring 2027: 'Ramping new roofing crews in weeks: a contractor case study' with a customer co-presenter, no product pitch",2026-10,2027 IRE call text/deadline: https://www.nrca.net/RoofingNews/submit-a-topic-proposal-for-the-2027-ire.4-9-2026.13256/Details/Story (fetched 2026-10-09) | NRCA homepage: https://nrca.net/ (fetched 2026-10-09),verified,26,59,,,
Roofing Insights Podcast (Dmitry Lipinskiy),https://roofinginsightspodcast.buzzsprout.com,Roofing,free,Residential roofing owners/operators,not found,Interview podcast with roofing leaders (video on YouTube),not found,not found,Dmitry Lipinskiy (host),not found on page read,Free guest spots (no published process),Independent host; no stated policy.,4,Guest interview with a Quinn exec on turning SOPs into roleplay sims for roofing sales/crews; White Knight proof,2026-05-18,"show page, episode dates: https://roofinginsightspodcast.buzzsprout.com (fetched 2026-10-09) | episode listing dates: https://roofinginsightspodcast.buzzsprout.com/1635994/episodes (fetched 2026-10-09)",verified,27,59,,,
Western Roofing (WSRCA official publication; Dodson Publications),https://www.westernroofing.net/,Roofing,free,Western US roofing/insulation/siding contractors and building professionals,not found,"Articles by industry contributors (e.g., supplier staff bylines), interviews, news",not found,not found,"Marcus Dodson (Publisher, per site byline); contact page lists editorial staff and board",info@westernroofing.net,Editorial route free; advertising page https://www.westernroofing.net/advertising/ (not read),"Independently owned (Dodson Publications) though official WSRCA publication; contributed bylines from supplier staff appear regularly (Sept 2026), so vendor-written content is published; no guidelines found. WSRCA hosts Western Roofing Expo.",4,Contributed article 'Keeping crew skills consistent across branches' by a Quinn exec with roofing customer,2026-09-25,"homepage dates and bylines: https://www.westernroofing.net/ (fetched 2026-10-09) | ownership, staff, info email: https://www.westernroofing.net/Contact_Us.html (fetched 2026-10-09)",verified,28,59,,,
Community College Daily (AACC),https://www.ccdaily.com/,Trade Schools,free,"Community college presidents, administrators, workforce leaders",not found,News service Mon-Fri; headlines; programs; features,not found,https://www.ccdaily.com/contact-us/,Matthew Dembicki (editor / AACC AVP communications),mdembicki@aacc.nche.edu,"Free earned; ads via YGS Group (Laura Gaenzle, Laura.gaenzle@theygsgroup.com); media rate kit exists","Contact page says send items related to articles to editor; no public op-ed/contributor guidelines found. Published by AACC (parent). Recent headlines cover skilled trades (e.g. 'Skilled trades need 1.7M workers a year', Oct 8 2026).",4,"Pitch Dembicki a news-style story on community college trades programs using AI roleplay/readiness scoring with an employer partner; lead with White Knight (446 employees, 226 courses, 97% participation, 96% completion, reported ~$1M/yr technician attrition cost reduction per meetquinn.ai/results/white-knight) as the employer demand signal.",2026-10-08,contact/editor: https://www.ccdaily.com/contact-us/ (fetched 2026-10-09) | advertising: https://www.ccdaily.com/advertise/ (fetched 2026-10-09) | recency: https://www.ccdaily.com/ (fetched 2026-10-09),verified,29,59,,,
NCCER Newsroom (blog / guest writers),https://www.nccer.org/newsroom/,Trade Schools,free,"Construction/craft training leaders, trade schools, industry",not found,"Blog, case studies, news; guest writer program (per search snippet)","600-1,200 words (per snippet only)",https://www.nccer.org/newsroom/brand-media-center/,not found,media@nccer.org,"Free (NCCER does not pay for content, per snippet)",Editorial-guidelines page returned HTTP 410; guest-writer details not read. Newsroom shows frequent items (latest 10/09/2026) incl. 'Sponsored Content' labeled items. Brand media center lists media@nccer.org for inquiries.,4,Guest blog on turning contractor SOPs into craft-training modules aligned to NCCER credentials.,2026-10-09,newsroom recency: https://www.nccer.org/newsroom/ (fetched 2026-10-09) | media contact: https://www.nccer.org/newsroom/brand-media-center/ (fetched 2026-10-09),verified,30,59,,,
Landscape Management,https://www.landscapemanagement.net/,Landscaping,free,Landscape contractors and lawn care operators,not found,"Features, news, digital edition; masthead historically welcomes unsolicited articles",not found,not found,not found,form/email not found,not found,Fetch returned http-403 so nothing read. Search shows 2026 issues listed through June 2026. Parent unresolved: historical mastheads show Questex (2011-12) and North Coast Media (2013-14); current owner NOT confirmed (do not assume GIE). Check masthead before pitching both it and Lawn & Landscape.,5,"Same operations/training angle as Lawn & Landscape but pitch only one at a time until parent is confirmed: ramp-time and attrition story from White Knight: 446 employees, 226 courses, 97% participation, 96% completion, reported ~$1M/yr technician attrition cost reduction (meetquinn.ai/results/white-knight).",2026-06,"archive listing (search result, page 403): https://www.landscapemanagement.net/lm-archive/ (fetched 2026-10-09) (http-403) | publisher history: archive.lib.msu.edu/tic/wetrt/article/2012aug63.pdf (search snippet)",unverified,31,57,,,
Green Industry Podcast (Paul Jamison),https://greenindustrypodcast.libsyn.com/,Landscaping,free,Lawn care and landscape business owners,not found,Podcast interviews with industry leaders; episodes monthly archive back to 2018,30-60 min (not found; assumed none stated),not found,Paul Jamison (host),not found (libsyn page lists no guest form),Free (guest). Sponsorship: not found,"Show description read; no guest policy or AI policy published. Independent host, not tied to a magazine group (no sibling conflict found). Latest episode 2026-10-09 on Equip Expo.",5,"Guest episode: 'How a 446-employee company got 97% participation in training' with White Knight: 446 employees, 226 courses, 97% participation, 96% completion, reported ~$1M/yr technician attrition cost reduction (meetquinn.ai/results/white-knight); avoid sales pitch.",2026-10-09,episode list: https://greenindustrypodcast.libsyn.com/ (fetched 2026-10-09),unverified,32,57,,,
Construction Executive (ABC),https://www.constructionexec.com,Mechanical Contracting,free,"Nonresidential contractors and related construction professionals (CPAs, attorneys, suppliers); Associated Builders and Contractors magazine","not found (media kit link exists, not read)",Contributed non-branded educational articles; Nuts + Bolts; webinars; sponsored content; Top Lists,"900-1,200 words",https://www.constructionexec.com/editorial-guidelines/,Editor,editor@constructionexec.com,"Free (does not pay for contributed content); sponsored content section is paid, pricing not found","Pitch idea to editor first. Exclusive to CE (no reprints elsewhere). Non-branded, educational, third person, AP style. Max 2 print or 12 digital articles per author/company per year. CE retains rights. Parent: ABC (Associated Builders and Contractors). No explicit AI or vendor policy found",4,"Workforce development / training byline (Workforce, Training categories): 'Why SOPs trapped in senior techs' heads cost contractors a year of ramp time' using White Knight metrics and Quinn ~40% faster ramp benchmark; third-person, non-branded",2026-10-07,guidelines: https://www.constructionexec.com/editorial-guidelines/ (fetched 2026-10-09) | recency: https://www.constructionexec.com (fetched 2026-10-09),verified,33,57,exclusivity,,
Pest Management Professional (PMP),https://www.mypmp.net,Pest Control,free,"Pest management company owners, managers, technical staff",not found,"News, features, technical columns by contributors/columnists, sponsored Q&As and digital editions, podcast (PMP Industry Insiders), events",not found,not found,not found,"Mail only per search snippet: PMP Magazine, 1360 E. 9th St., 10th Floor, Cleveland, OH 44114 (snippet; page not read); mypmp.net/meet-the-team and /advertise exist but returned HTTP 403",Advertising and 'Word from our sponsor' sponsored content exist; rates not found,"mypmp.net returned HTTP 403 for all pages, so nothing was read. Seed said Gie Media; third-party FeedSpot listing names North Coast Media LLC as publisher (older address Cleveland), so parent is UNCONFIRMED and sibling/exclusivity conflicts cannot be assessed. Columnists exist (e.g. Greg Baumann column, 2022). Sponsored pieces are labeled",5,"Contributed technical/ops column or Q&A on SOP-to-training and technician retention using White Knight Pest Control: 446 employees, 226 courses, 97% participation, 96% completion, reported ~$1M/yr technician attrition cost reduction (meetquinn.ai/results/white-knight); expect editorial-vs-sponsored distinction",2026-06,"all mypmp pages 403: https://www.mypmp.net/ , /advertise , /meet-the-team/ , /about-us (fetched 2026-10-09) | publisher North Coast Media LLC, Digital & Print: https://magazine.feedspot.com/pest_control_magazines/ (fetched 2026-10-09) | recency via search-result podcast listing Jun 18 2026 (not fetched): https://podcastaddict.com/pmp-industry-insiders/episode/226554200",unverified,34,57,,,PMP Industry Insiders (podcast)
Bug Bux Podcast (Allan Draper),https://bugbuxpodcast.buzzsprout.com/,Pest Control,free,Pest control owners scaling toward PCT Top 100,260 episodes since 2021; weekly,"Expert-guest interviews and solo sessions (pricing, P&L, team building, vendor relationships)",not found,https://bugbuxpodcast.buzzsprout.com/about,Allan Draper (host),not found,Not found,"Show states each episode features expert guests, including vendor relationships topics. No written guest rules found",4,Expert guest on building a training system that scales: 226 courses and 96% completion at White Knight; offer P&L framing (attrition cost),2026-10-08,homepage episodes/dates/description: https://bugbuxpodcast.buzzsprout.com/ (fetched 2026-10-09) | about: https://bugbuxpodcast.buzzsprout.com/about (fetched 2026-10-09),verified,35,57,,,
Automation World (Endeavor),https://www.automationworld.com/,Industrial Automation,free,"Engineers, project managers, corporate execs, integrators and procurement in discrete and batch/hybrid manufacturing",not found,"News, features, podcasts, videos, webinars, EDGE Awards, sponsored content (labeled)",not found,not found (no public contributor guidelines located; about-us and contact-us read),"Chris McNamara, Head of Content (joined 2026; also ex-EIC Smart Industry)",obfuscated - see page (Chris McNamara email on contact page),"Free for editorial pitch/podcast; paid: sponsored content, webinars, white papers via sales (Mitch Brian, Director of Sales 614-721-3047 listed)","SIBLINGS (Endeavor): Control Design, Control Global, IndustryWeek, Plant Services. Editorial is 'independent'; sponsored content clearly labeled. Heavy hardware/software vendor presence, so a software vendor will be steered to sponsorship unless pitched as operator story. No AI policy found",4,"Pitch Chris McNamara: 'Why Industry 4.0 hasn't scaled is a people problem' - tie to AW coverage of digital transformation; frame training/ramp-time data (Quinn benchmark ~40% faster ramp, 94% completion) as the workforce layer of automation projects; or suggest a podcast conversation with a White Knight operations leader",2026-10-07,"about (standards, team): https://www.automationworld.com/about-us (fetched 2026-10-09) | contact (editorial vs sales): https://www.automationworld.com/contact-us (fetched 2026-10-09) | recency/affiliates: https://www.automationworld.com/ (fetched 2026-10-09)",verified,36,56,ai-policy,,
R&R Ask the Expert podcast,https://www.randrmagonline.com/media/podcasts,Restoration,free,Restoration contractors; disaster preparedness/recovery,not found,"Interview podcast, guest and topic suggestions invited",not found,https://www.randrmagonline.com/media/podcasts,Kayla McGowan,mcgowank@bnpmedia.com (guests/topics); Balzanod@bnpmedia.com (sponsorship),Free guest spot; sponsorship is paid,"Page says email to be considered for a guest spot. BNP Media parent (ACHR News exclusivity applies to written columns, not stated for podcast). No AI policy found.",4,Guest spot on technician onboarding/training ('Field Notes'-style topic for technicians) with White Knight proof and 3-day launch.,2026-09,guest/sponsor emails: https://www.randrmagonline.com/media/podcasts (fetched 2026-10-09),verified,37,56,ai-policy,,
Professional Roofing (NRCA),https://www.professionalroofing.net/,Roofing,free,NRCA members and roofing industry; free subscription offered,not found,"Feature articles (member companies and technical), columns (News+Views, Research+Tech, Rules+Regs), Close-up, New Ideas, Briefings; Sponsored Content (paid)",not found,"not found - author guidelines NOT public: no page on site, sitemap, about, or search (still unresolved)",Ambika Puniani Reid (Editor; NRCA VP communications); Chrystine Elle Hanus (Associate editor); Krista Berns (Director of communications),areid@nrca.net; chanus@nrca.net; kberns@nrca.net; professionalroofing@professionalroofing.net; (847) 493-7555 (editor),"Editorial route free (invitation/pitch). Paid: advertising (Mike Stack, mstack@nrca.net, (847) 493-7554) and Sponsored Content; media kit behind a form","Official NRCA magazine: 'timely, credible and objective'; features mostly by NRCA staff, members and technical experts, so commercial pitch from a software vendor unlikely without a contractor co-author. Sponsored Content page shows vendor-supplied paid pieces (TAMKO). PARENT NRCA also runs RoofTalk podcast, IRE co-promotion, NRCA events - coordinate. No AI policy found.",4,Ask Reid for an editorial-calendar and contributor fit call; offer a contractor-co-authored feature on workforce training/onboarding (NRCA Executive Leadership Bilingual Program and recruitment tool featured Oct 2026) using White Knight-style roofing customer proof,2026-10-01,"homepage, Oct 2026 issue: https://www.professionalroofing.net/ (fetched 2026-10-09) | editorial/advertising team, emails, phone: https://www.professionalroofing.net/home/about (fetched 2026-10-09) | media kit is a form only: https://www.professionalroofing.net/advertising/mediakit (fetched 2026-10-09) | sponsored content example: https://www.professionalroofing.net/Sponsored-Content-1 (fetched 2026-10-09) | sitemap shows no guidelines page: https://www.professionalroofing.net/sitemap (fetched 2026-10-09)",verified,38,56,ai-policy,,
Inside Higher Ed - Views / Careers,https://www.insidehighered.com/content/general-guidelines-submissions-inside-higher-ed,Trade Schools,free,"Faculty, administrators, higher ed leaders",not found,"Views (opinion), Careers articles, letters","Views/Careers typically 1,000-1,500 words; letters up to 500",https://www.insidehighered.com/content/general-guidelines-submissions-inside-higher-ed,not found (Opinion desk),opinion@insidehighered.com; editor@insidehighered.com,Free,"AI POLICY: no AI-detection used; authors must disclose any use of generative AI (ideation, structure, editing) in manuscript or email; strong preference authors not use AI to generate core ideas. CONFLICT DISCLOSURE: must disclose relevant affiliations, e.g. ed-tech company when writing about AI. Brief proposals accepted but full piece needed for decision; allow 1-2+ weeks. Pieces that appeared elsewhere not accepted (per search summary).",4,"Disclosed-affiliation Views piece: 'What community colleges can learn from how top trades employers onboard technicians' using White Knight (446 employees, 226 courses, 97% participation, 96% completion, reported ~$1M/yr technician attrition cost reduction per meetquinn.ai/results/white-knight); disclose Quinn affiliation.",2026-10-09,"submission guidelines, AI and COI rules: https://www.insidehighered.com/content/general-guidelines-submissions-inside-higher-ed (fetched 2026-10-09) | recent articles: https://www.insidehighered.com/ (fetched 2026-10-09)",verified,39,56,ai-policy,,
EC&M (Electrical Construction & Maintenance),https://www.ecmweb.com,"Adjacent (plumbing, electrical, home services, FSM, workforce, L&D)",free,"125,500+ electrical professionals (site claim): contractors, designers, estimators, project managers, inspectors, plant electrical maintenance","125,500+ (site claim)","Technical features, department/thought-leadership pieces, photo galleries, video/podcast, whitepapers, Code Quiz; sponsored content option","Features 1,200-2,000w; thought leadership 500-1,500w",https://www.ecmweb.com/contributors-guidelines,"Ellen Parson, Editor-in-Chief",obfuscated - see page,Free for editorial; fee-based sponsored content available,"Email outline/abstract first; author should be an engineer/technical expert, not marketing/PR/sales; manufacturer contributions OK only if completely vendor-neutral and non-promotional; signed author agreement required. Training/safety topics in scope. AI policy not found. PARENT: Endeavor Business Media (siblings: Contractor, Contracting Business, Electrical Wholesaling, HPAC) - one outlet per idea.",4,"Thought-leadership piece (500-1,500w) on 'Safety and training': how electrical contractors keep code/NEC knowledge from living only in senior electricians' heads; author a Quinn customer/ops leader or technical lead.",2026-07-31,guidelines: https://www.ecmweb.com/contributors-guidelines (fetched 2026-10-09) | recency: https://www.ecmweb.com/ (fetched 2026-10-09),verified,40,55,vendor-restricted,,
BUILDINGS Podcast,https://buildings.com/podcasts,Facilities Maintenance,free,Facility managers and building owners,not found,Weekly podcast (new episode Mondays 1pm Central per About page); guests are subject-matter experts,15-30 min (not stated),https://buildings.com/contributors-guidelines,"Janelle Penny, Editor in Chief",obfuscated - see page,Free,"Pitch 'podcast guest' topic directly to the Editor in Chief; same vendor-neutral, non-promotional expectation as articles. Episodes mix guests and 'ICYMI' recaps",4,"Guest spot: workforce readiness in FM/maintenance teams, AI coaching with human judgment (topical: AI episodes recur on feed). Lead with ramp-time and attrition proof (White Knight Pest Control: 446 employees, 226 courses, 97% participation, 96% completion, reported ~$1M/yr technician attrition cost reduction (meetquinn.ai/results/white-knight))",2026-10-05,podcast list: https://buildings.com/podcasts (fetched 2026-10-09) | guest route: https://buildings.com/contributors-guidelines (fetched 2026-10-09) | weekly cadence: https://buildings.com/about-us (fetched 2026-10-09),verified,41,55,vendor-restricted,,
HVAC Chats podcast (Contracting Business),https://www.contractingbusiness.com/podcasts/hvac-chats,HVAC,free,HVAC contractor owners and managers,not found,"Interview podcast, new episodes 2nd and 4th Wednesday",not found,https://www.contractingbusiness.com/page/about-us,Nicole Krawcke (host),no podcast-guest form found; route via editor pitch (email obfuscated on guidelines page),not found,"No podcast-specific guest policy found. Same Endeavor/Contracting Business editorial culture (non-promotional, contractor-led); recent episodes feature contractors and one AI/dispatch-data episode (Sept 9 2026). Endeavor parent shared with CONTRACTOR",4,Offer a customer GM (not a Quinn exec) as guest on 'building a culture of training'; Quinn exec as supporting voice with White Knight data,2026-10-07,"episodes and dates, host, Endeavor: https://www.contractingbusiness.com/podcasts/hvac-chats (fetched 2026-10-09) | cadence second/fourth Wednesday: https://www.contractingbusiness.com/page/about-us (fetched 2026-10-09)",verified,42,55,vendor-restricted,,
Take 5 With Cleanfax (video/podcast),https://cleanfax.com/multimedia-resources/podcasts/,Restoration,free,"Carpet/floor cleaning and disaster restoration owners, managers, technicians",not found,"5-minute video/podcast segments: management, marketing, technical tips",5 minutes,https://cleanfax.com/multimedia-resources/podcasts/,"Jeff Cross, ISSA Media Director",obfuscated - see page,Free (participation invited),"Looking for unique stories, tips, management/marketing strategies. ISSA parent; same sibling note as Cleanfax. Page lists recent vendor-sponsored items, so vendor appearances are normal but non-promotional expected.",4,5-minute segment: 'Three signs your restoration crew has drifted from your SOPs' with White Knight 97% participation figures.,2026-09,call for participation and contact: https://cleanfax.com/multimedia-resources/podcasts/ (fetched 2026-10-09),verified,43,55,vendor-restricted,,
Plumbing & Mechanical (BNP Media),https://www.pmmag.com,"Adjacent (plumbing, electrical, home services, FSM, workforce, L&D); HVAC; Mechanical Contracting",paid,Plumbing/mechanical contractors and engineers; site claims 98% of audience involved in purchasing (2021 reader study),not found,"Guest Editorial, letters, content-marketing sponsorship, eBlasts, InfoCenters, video, sponsored content",not found,https://www.pmmag.com/advertise,not found,Advertising inquiry form (see page); contributor contact not found,Not found (rate card not public),Guest Editorial section exists but contributor guidelines page not located; content-marketing offered must be 'non-commercial'. Same parent (BNP Media) co-owns Service World Expo with Service Nation; Plumbing & Mechanical readers include residential service contractors. AI policy not found.,4,Ask editors for Guest Editorial slot: 'Plumbing apprentices don't need another LMS' with White Knight/customer proof; or sponsored content as paid route.,2026-10,"audience, paid options, guest editorial topic: https://www.pmmag.com/advertise (fetched 2026-10-09) | recency: https://www.pmmag.com/ (fetched 2026-10-09)",verified,44,54,,,Plumbing & Mechanical (PM) | Plumbing & Mechanical (PM)
Service World Expo / Service Nation (Service Roundtable),https://serviceworldexpo.com,"HVAC; Adjacent (plumbing, electrical, home services, FSM, workforce, L&D)",paid,"Residential HVAC, plumbing, electrical contractor owners and ops leaders","'30,000+ contractors' use Service Nation (site claim)","Conference (Nov 9-11 2026 Las Vegas), speaker sessions, sponsorship, exhibit, digital sponsorships, resource section",not found,https://serviceworldexpo.com/sponsorship-opportunities,not found,sponsorship brochure by form,not found (brochure),"Speakers page shows contractor-led education incl. AI sessions (answering phones, GEO); no speaker call page found for 2027; featured placement in Service Nation resource section min. 1 year. Separate organization from Nexstar Network",4,Exhibit/sponsor for 2027 and pitch a contractor-led learning-lab on training ops,2026-10,sponsorship: https://serviceworldexpo.com/sponsorship-opportunities (fetched 2026-10-09) | speakers/AI sessions: https://serviceworldexpo.com/speakers (fetched 2026-10-09) | event dates: https://serviceworldexpo.com (fetched 2026-10-09) | Service Nation claims: https://www.serviceroundtable.com/ (fetched 2026-10-09),verified,45,54,,,Service World Expo / Service Nation Alliance (Service Roundtable)
IFMA World Workplace conference (speaker/sponsor),https://worldworkplace.ifma.org/,Facilities Maintenance,paid,"FM professionals, expo attendees",not found,"Education session speaking (call for abstracts), exhibiting, sponsorship, Innovation Arenas, FMJ advertising bundles for exhibitors",not found,https://events.ifma.org/worldworkplace/2026/abstract_submission1.cfm,not found,ifma@ifma.org per search snippet only (not read); see page [ifma@ifma.org: not found in any page text fetched by this run (likely search snippet); confirm on the outlet's site],"Speaking slots free of fees but no honorarium (per CFP policy, not read directly); exhibiting/sponsorship paid, rates not found",2026 Call for Papers/Abstracts is CLOSED (page states 'has now closed'); watch for 2027 call. Sessions must be education not sales (assumed from CFP policy; not read),4,Prepare a 2027 abstract: 'From SOP to ramped technician in days' with 200+ ops teams data; consider 2026 exhibitor/sponsor only if budget allows,2026-10 (2026 event in Anaheim this fall),CFP closed: https://events.ifma.org/worldworkplace/2026/abstract_submission1.cfm (fetched 2026-10-09) | exhibitor bundles: same page (fetched 2026-10-09),verified,46,54,,,
"ACCA partnership, advertising, ACCA Now magazine, HVAC Blog",https://www.acca.org/about/partner-and-advertise,HVAC,paid,ACCA member HVACR contractors,"3,500 companies / 60,000 professionals; $22B purchasing power claimed","Strategic partner blog articles, webinars, dedicated emails, print ads in ACCA Now, newsletter product spotlights, conference exhibit/sponsorship",not found,https://www.acca.org/about/partner-and-advertise,not found,Start Now form on page,"Strategic Partnership from $36,000; other advertising prices not found",Partner content is paid and allowed to promote; ACCA HVAC Blog is described as contractor-led. Software vendors compete in this space; no ban stated,4,Associate membership + one webinar as a lower-cost entry; then use membership to unlock the speaker call,2026-10-07,"pricing, channels: https://www.acca.org/about/partner-and-advertise (fetched 2026-10-09) | blog and ACCA Now links: https://www.acca.org/resources/hvac-blog-link (fetched 2026-10-09)",verified,47,54,,,
"HVAC School (podcast, site, Symposium)",https://hvacrschool.com/,HVAC,paid,"HVAC technicians and trainers ('For Techs, By Techs'); host Bryan Orr is co-founder of Kalos Services",not found,"Daily podcast, articles/tech tips, videos, courses, annual Symposium (Jan 13-14 2027)",not found,https://hvacrschool.com/contact/,Bryan Orr (host),contact page: https://hvacrschool.com/contact/ (no email read),"Sponsorship price not found; site funded by named partners (Copeland, TruTech, NAVAC, etc.)","No public guest/contributor policy found. Episodes carry embedded sponsor messages; site lists recommended software/business tools (measureQuick, Fieldpiece Job Link etc.). Contributors page shows articles from outside trainers. Tech-training focus, not business ops: a pitch must be technician-education, not sales",4,Trainer-to-trainer: 'How shops capture best-tech diagnostics into SOPs and microlearning'; offer a customer's training manager as guest rather than a vendor exec,2026-10-08,"partners/sponsor model: https://hvacrschool.com/partners/ (fetched 2026-10-09) | contributors: https://www.hvacrschool.com/contributors-and-authors/ (fetched 2026-10-09) | recency Oct 8 2026, sponsor messages: https://hvacrschool.com/ (fetched 2026-10-09) | software list: https://hvacrschool.com/software-and-business/ (fetched 2026-10-09) | contact page: https://hvacrschool.com/contact/ (fetched 2026-10-09)",verified,48,54,,,
Pest Control Technology (PCT),https://www.pctonline.com,Pest Control,free,Structural pest control company owners and managers (PCT Top 100 audience),not found,"News, features, columns, awards/rankings (PCT Top 100, Technician of the Year), seminars",not found,not found,not found,not found (site contact page returned a bot-check block),Not found; advertising/media kit exists per site nav (not read),"UNRESOLVED seed: pctonline.com returned empty/bot-challenge (Incapsula) responses to the fetch tool, so no guidelines, dates or contacts could be read. Parent GIE Media (per search results and third-party FeedSpot listing; PCT Media Group, publisher named Jodi Dorsch in an undated item). Do not circumvent; contact via phone/email found manually. Sibling note: PMP is a competitor title; avoid duplicate pitches",5,"Byline or case-study pitch on training pest techs fast: White Knight Pest Control: 446 employees, 226 courses, 97% participation, 96% completion, reported ~$1M/yr technician attrition cost reduction (meetquinn.ai/results/white-knight); PCT Top 100 operators are the buyer set",not found,"homepage returned empty body: https://www.pctonline.com (fetched 2026-10-09) | contact page bot-check: https://www.pctonline.com/contact-us (fetched 2026-10-09) | publisher GIE Media / PCT Media Group (search result, not read on-page): https://www.pctonline.com/news/jodi-dorsch-named-publisher-of-the-pct-media-group | third-party listing GIE Media, monthly print+digital: https://magazine.feedspot.com/pest_control_magazines/ (fetched 2026-10-09)",unverified,49,54,recency-unconfirmed,,
NPMA PestWorld 2026 / Technology Adopter Award,https://www.npmapestworld.org/attend/industry-events-calendar/pestworld-2026/,Pest Control,paid,"Thousands of pest company owners, managers, technicians and suppliers (attendee types per NPMA)",not found,"Conference (Oct 20-23, 2026, Grapevine TX), exhibit hall, education sessions; Technology Adopter Award (company nomination)",not found,https://www.npmapestworld.org/engage/awards-and-achievements/technology-adopter-award/,not found,npma@pestworld.org,Exhibit/sponsor cost not found; award application free (no fee stated),"Award is for pest companies (criteria include technology use for training and retention); applications closed, reopen Spring 2027; sponsored by NPMA partners. Tech/software exhibitors have a category",4,Get White Knight to apply for the Technology Adopter Award (workforce development criterion); evaluate 2027 exhibit/speaker slot,2026-10,event page: https://www.npmapestworld.org/attend/industry-events-calendar/pestworld-2026/ (fetched 2026-10-09) | award criteria and timing: https://www.npmapestworld.org/engage/awards-and-achievements/technology-adopter-award/ (fetched 2026-10-09),verified,50,54,,,
Higher Ed Dive - Opinion,https://www.highereddive.com/opinion/submit-opinion/,Trade Schools,free,"College/university leaders, administrators, enrollment and workforce leaders","Over 184,000 industry decision makers (Higher Ed Dive advertise page)",Op-eds (opinion on timely issue),not found,https://www.highereddive.com/opinion/submit-opinion/,not found,Submission form on page,Free; ads via advertise page (media kit),"AI POLICY: generative AI not permitted for writing op-eds; AI-generated submissions rejected. Exclusive to Higher Ed Dive; 30-day exclusivity after publication; piece must be original; editors judge whether piece is promotional or biased; no reply unless accepted, decision within 3 weeks. Parent: Industry Dive / Informa TechTarget (sibling brands: Education Dive, K-12 Dive, HR Dive) - exclusivity applies per outlet, do not submit same piece to siblings.",4,"Human-written op-ed from a founder: 'The skilled trades pipeline fails at the first 90 days' - tie to employer data (White Knight (446 employees, 226 courses, 97% participation, 96% completion, reported ~$1M/yr technician attrition cost reduction per meetquinn.ai/results/white-knight)) and what colleges can do; no product mentions.",2026-10-02,opinion rules: https://www.highereddive.com/opinion/submit-opinion/ (fetched 2026-10-09) | audience size: https://www.educationdive.com/advertise/ (fetched 2026-10-09) | recency (Oct 1-2 2026 dates): https://www.highereddive.com/ (fetched 2026-10-09),verified,51,54,ai-policy; exclusivity,,
ACHR News (guest columns and contributed articles),https://www.achrnews.com/,HVAC; Mechanical Contracting,free,"HVACR contractors, technicians, distributors, engineers; page claims 91% of audience involved in purchasing",'thousands of subscribers' monthly (no exact figure on page),"Guest columns; manufacturer-specific online-only articles (case study, Q&A, thought leadership); letters; company news; product releases",Guest column: no word count stated; letters max 500 words; product release ~275 words; manufacturer articles: no set word count,https://www.achrnews.com/submission-guidelines,"Maria Taylor (guest columns); Dylan Kurt (manufacturer articles, podcast)",mariataylor@achrnews.com (guest column pitch); dylankurt@achrnews.com (manufacturer-specific articles),"Free (earned). Paid Sponsored Content, webinars, eBlasts exist via sales reps (see separate row)","Guest columns must be unbiased, product-neutral, EXCLUSIVE to ACHR NEWS and unpublished elsewhere. Page says it is 'highly selective' on AI, business software, digital marketing, lead gen and business-management pitches and generally considers only authors with significant HVACR industry experience; pitches for exposure/backlinks and generic thought leadership rejected; 'Articles generated primarily by artificial intelligence will not be accepted.' Pitch = brief topic, why it matters, author's HVACR experience; no reply guaranteed. Manufacturer articles may mention products but must be non-promotional. Parent BNP Media (siblings: Plumbing & Mechanical, SNIPS, Distribution Trends): run only one exclusive piece per topic across BNP titles. Direct competitor of Endeavor titles (Contracting Business/CONTRACTOR) for exclusivity",4,"Contractor-voiced column co-authored with a Quinn customer exec (do not invent quotes): 'How White Knight onboarded 446 employees onto 226 courses at 97% participation' framed as a training-operations lesson, product-neutral, with Quinn only in the bio. Lead with HVAC-experienced author; avoid AI-sounding generic framing",2026-10-09,"submission policy, AI rules, contacts, exclusivity: https://www.achrnews.com/submission-guidelines (fetched 2026-10-09) | parent BNP Media, sponsored content: https://www.achrnews.com/contactus (fetched 2026-10-09) | audience/91% purchasing, ad channels: https://www.achrnews.com/advertise (fetched 2026-10-09) | recency (Sept 21 2026 item; Oct 2026 price-increase list): https://www.achrnews.com/ (fetched 2026-10-09)",verified,52,53,vendor-restricted; exclusivity,,ACHR NEWS (guest columns)
Lawn & Landscape (GIE Media),https://www.lawnandlandscape.com/,Landscaping,free,Landscape contractors and lawn care company owners,"not found; site markets magazine, e-newsletters, podcasts, webinars, TMI database (via search snippet only)","Features, news, case studies, podcasts, sponsored podcasts/webinars, Top 100 list, Technology Conference",not found,not found (search found no public guidelines page),not found,form/email not found,"Editorial: not found. Paid: sponsored podcasts, webinars, advertising via media kit (rates not found)","UNRESOLVED/UNVERIFIED: site returned empty text to fetcher, so no policy read. Parent: GIE Media (Valley View, OH) per search results. Sibling exclusivity: GIE also owns Golf Course Industry (and ownership of Landscape Management is unconfirmed, see that row); ask whether a byline in one blocks another. Vendor-neutral and AI policy not found; expect sponsored content to be labeled.",5,"Pitch operations/training feature: 'Why your best crew leaders' knowledge is trapped in their heads' with White Knight: 446 employees, 226 courses, 97% participation, 96% completion, reported ~$1M/yr technician attrition cost reduction (meetquinn.ai/results/white-knight). Also a podcast guest spot; alternative paid sponsored webinar.",2026-07,"parent/about (search snippets only, pages returned empty): https://lawnandlandscape.com/page/lawnlandscape (fetched 2026-10-09) | https://www.lawnandlandscape.com/news/gie-media-to-produce-snow--amp--ice-management-association-publication (search result) | Technology Conference 2026-07-22..24 Phoenix: search result listing",unverified,53,53,vendor-restricted,,
IFMA Connected FM Podcast,https://podcast.ifma.org/,Facilities Maintenance,free,FM professionals worldwide,not found,"Biweekly podcast; hosts interview industry guests (recent: OpenAI workplace VP, cybersecurity as FM emergency, disaster planning)",not found,not found,not found,"communications@ifma.org (press inquiries, listed on page); no guest-pitch page found",Free (no sponsorship pricing found for podcast),"No public guest guidelines. Topics tagged Training, Technology, Operations & Maintenance, Leadership. Likely non-promotional; IFMA corporate sustaining partners may have extra access (unconfirmed)",4,"Pitch via IFMA comms: 'Why great FM strategies fail in execution: training at scale' (listing already has a similar episode, so angle on frontline technician readiness + AI coaching)",2026 (episodes undated on page; recent topics 2026),podcast: https://podcast.ifma.org/ (fetched 2026-10-09) | contact: https://podcast.ifma.org/ (press inquiries mailto) (fetched 2026-10-09),verified,54,52,vendor-restricted; recency-unconfirmed,,
Reliable Plant / Machinery Lubrication (Noria),https://www.reliableplant.com/,Industrial Automation; Facilities Maintenance,free,"Maintenance, reliability and lubrication professionals in plants",not found,"Articles, case studies, press releases, videos, Reliable Plant Conference (speaker submissions), paid content marketing","Not specified (Word doc, under 10MB)",https://www.machinerylubrication.com/page/content-submission-guidelines,not found (editorial staff not named),Online submission form on guidelines page; sales@noria.com for paid promotion,"Free for unpaid educational articles/case studies; paid: content marketing, advertising, conference exhibiting (rates not found)","Unpaid articles must be educational, not sales-oriented, no commercial backlinks (byline bio gets a company homepage link); case studies encouraged (problem, solution, results with stats); full editorial edit. Noria is a lubrication consultancy/publisher; sibling brand Machinery Lubrication (same guidelines). Conference speaker guide (via search, not read): educational only, no logos/product names. Subject matter is lubrication-centric so Quinn angle must be maintenance-culture/training. No AI policy found",4,Case study submission: maintenance-training version of White Knight - how standardized SOP-based training and mid-job 'Ask Quinn' answers raise procedural consistency across branches (technician attrition cost down ~$1M/yr reported); or speaker proposal for Reliable Plant Conference on tribal knowledge,2026-10-02,guidelines: https://www.machinerylubrication.com/page/content-submission-guidelines (fetched 2026-10-09) | recency/topics: https://www.reliableplant.com/ (fetched 2026-10-09) | article dated Oct 2 2026: https://www.reliableplant.com/Read/33146/what-a-tractor-taught-one-reliability-executive-about-change-management (fetched 2026-10-09),verified,55,52,vendor-restricted; ai-policy,,Reliable Plant (Noria)
Cleanfax (ISSA) - editorial content submissions,https://cleanfax.com/,Restoration,free,"Floor cleaning and disaster restoration owners; ISSA says 11,500+ members","ISSA 11,500+ members (Cleanfax about page); Cleanfax subscriber count not found","Feature articles, reports, white papers, other non-promotional content (ISSA); columnists; Restoration Insider newsletter; Take 5 video/podcast",not found,https://www.issa.com/media/content-submission,not found,Contact form: https://cleanfax.com/contact-us/ ; submission method on ISSA page not stated,Free editorial; paid Sponsored Content/advertising exists (see paid row),Parent ISSA (siblings incl. CleanLink/ISSA media; also Cleanfax's sibling coverage of carpet care). Content must be original and not published elsewhere (no reprints); non-promotional; ISSA may edit and refuse. Cleanfax discloses images are Getty or AI-generated; no AI-text policy found. ISSA page last modified 2024-06.,4,Business Management & Operations feature on building a repeatable training system for restoration crews; use White Knight data and 'not another LMS' angle.,2026-09,submission rules: https://www.issa.com/media/content-submission (fetched 2026-10-09) | about/ownership: https://cleanfax.com/about/ (fetched 2026-10-09) | homepage dates/topics: https://cleanfax.com/ (fetched 2026-10-09),verified,56,52,vendor-restricted; ai-policy,,
Cleaning & Restoration (C&R) Magazine,https://www.candrmagazine.com/,Restoration,free,Restoration and cleaning professionals,"RIA page claims 50,000+ monthly social impressions, 13,000 website pageviews; 6 issues/yr","Print/digital magazine, web-exclusive articles, expert columns, podcast series, 2 weekly newsletters (Restoration Today, Restoration Roundup), awards",not found,not found,Michelle Blevins (owner per RIA page),not found,Free to read; submission cost not found,candrmagazine.com returned HTTP 403 to the fetcher; not worked around. Info only from RIA page. Columns 'with industry thought leaders'. Owned by Blevins who also hosts Restoration Today; closely linked to RIA. Competes with R&R (which Blevins previously edited per R&R 2017 note).,5,Column/web-exclusive on technician training; also Emerging Leaders/Golden Quill awards for customers.,not found,description: https://www.restorationindustry.org/cleaning-and-restoration-cr-magazine (fetched 2026-10-09) | site: https://www.candrmagazine.com/ http-403 (fetched 2026-10-09),unverified,57,52,recency-unconfirmed,,
HVACR Business magazine,https://www.hvacrbusiness.com/,HVAC,paid,Owners and corporate-level managers of HVACR contracting firms; management-only editorial,"'34,000 readers', 86.2% owners/corporate managers (About page, dated 2023 post - may be stale)","Expert management articles, columnists, 20 Questions, eNewsletters, events",not found,not found (no contributor-guidelines page; 'Authors / Columnists' menu exists),not found,"emails listed on contact page (roles not captured): ttanker@hvacrbusiness.com, mlasalla@hvacrbusiness.com, bkerr@hvacrbusiness.com, etanker@hvacrbusiness.com; media kit via form at /advertising/",Media kit with rates by form; price not found,Content is expert-written how-to management information; no public contribution/AI policy found; publication homepage was fetched but no AI policy. Parent/publisher not stated on pages read,4,Training & Education category column: 'Ramp-time math for HVAC install crews' with Quinn benchmarks labelled as such; ask editor about columnist route,2026-10,"about: audience, mission: https://www.hvacrbusiness.com/news/2023/jan/01/about-us-page/ (fetched 2026-10-09) | advertising/media kit: https://www.hvacrbusiness.com/advertising/ (fetched 2026-10-09) | contact emails: https://www.hvacrbusiness.com/contact-us/ (fetched 2026-10-09) | recency: https://www.hvacrbusiness.com/ (fetched 2026-10-09)",verified,58,51,ai-policy,,
Plant Engineering (WTWH Media / Arrowfly),https://www.plantengineering.com/,Industrial Automation,free,"Plant engineers, plant managers, maintenance supervisors, manufacturing leaders",not found,"Contributed articles (Management Side, Electrical/Automation Connection), case studies, web exclusives, newsletters, research (State of Manufacturing O&M, Salary Report), SI Giants, Engineering Leaders Under 40","Management Side up to 1,250 words (legacy guide); online 600-3,000 words (shared guidelines)",https://www.plantengineering.com/?p=8530 (legacy Contributor's Guide) and https://www.csemag.com/connect/how-to-contribute/full-contributor-guidelines/ (current shared guidelines),"Amara Rozgus, Editor in Chief (per shared guidelines; legacy guide still names Bob Vavra - outdated)",obfuscated - see page (ARozgus at wtwhmedia.com per shared guidelines page),Free (contributed); advertising available via advertise link (rates not found),"SIBLING EXCLUSIVITY: content must be exclusive across Consulting-Specifying Engineer, Control Engineering and Plant Engineering (WTWH Media; footer reportedly Arrowfly LLC per research/building-automation.csv - confirm); non-commercial, instructional; author agreement; pitch before writing; editorial calendar driven; call/outline first. Legacy guide last modified 2025-04. No AI policy found. 2026 O&M study says manufacturers are shifting from skills-based approaches to digital-first with AI/mobile adoption - useful hook",4,Pitch one editor (counts for all three WTWH brands): case study 'What 446 employees completing 226 courses looks like on the maintenance side' reframed vendor-neutral on technician onboarding and SOP capture; reference the 2026 State of Manufacturing O&M study findings,2026,"legacy guide: https://www.plantengineering.com/?p=8530 (fetched 2026-10-09) | shared guidelines: https://www.csemag.com/connect/how-to-contribute/full-contributor-guidelines/ (fetched 2026-10-09) | recency (2026 Under 40, 2026 O&M study): https://www.plantengineering.com/ (fetched 2026-10-09)",verified,59,51,ai-policy; exclusivity; recency-unconfirmed,,
Training Industry (website articles + Training Industry Magazine),https://trainingindustry.com,"Adjacent (plumbing, electrical, home services, FSM, workforce, L&D)",free,Corporate L&D leaders and training managers (not trade-specific),not found,"Contributed web articles, quarterly magazine features, series (Career Pathways in L&D, Dear L&D, L&D Hacks)","700-1,100 words (web)",https://trainingindustry.com/writing-for-training-industry/,Editorial team (topic-area editors listed on page),editor@trainingindustry.com (submission form linked on guidelines page),Free; authors assign rights to Training Industry. Media kit exists for paid placement (price not found),"Articles must be original, unpublished and NOT AI-generated; AI allowed only for research/brainstorm/outline, disclose significant AI role. No references to products or services (vendor-neutral). No republishing without permission. Magazine editorial calendar set in open submission window May-July (2027 call mentioned). PARENT: Training Industry Inc. also owns Chief Learning Officer and Chief Talent Officer - treat as sibling set for exclusivity.",4,"Case-study style web article (no product mention): 'How a 446-employee trades company got 97% participation and 96% completion without a new LMS' using White Knight Pest Control numbers framed as a training-ops lesson; or Training for specific industries / Real AI use cases topics (listed on page). Pitch by topic approval first. Quinn must be framed vendor-neutral, ideally co-authored by a customer.",2026-09,"guidelines, AI rules, contacts, topics: https://trainingindustry.com/writing-for-training-industry/ (fetched 2026-10-09) | media kit nav link: https://trainingindustry.com/media-kit/ (fetched 2026-10-09)",verified,60,50,vendor-restricted; ai-policy; exclusivity,,
Facilities Dive (Informa TechTarget),https://www.facilitiesdive.com/,Facilities Maintenance,free,Facilities management executives and decision makers,"51,000+ industry decision makers (publisher claim)","Opinion pieces (op-eds), news, content marketing (paid), newsletters","~1,000 words average",https://www.facilitiesdive.com/opinion/submit-opinion/,not found,Submission form on page; questions email obfuscated - see page,"Opinion free; content marketing/ads paid via https://www.facilitiesdive.com/advertise/ (media kit by form, rates not found)","AI POLICY: 'The use of generative artificial intelligence is not permitted in the writing of op-eds'; AI-generated submissions rejected (relevant to an AI company: author must write personally). EXCLUSIVE to Facilities Dive, exclusive rights at least 30 days after publication; must be opinion on timely issue, not promotional; fact-checked, 2-3 edit rounds; reply within 3 weeks or not accepted. Not a vendor ban but editors may reject promotional substance",4,"Op-ed (human-written): 'Frontline technician knowledge is facilities' biggest un-managed risk' using attrition cost data point, AI as coach not replacement",2026-10-08,guidelines: https://www.facilitiesdive.com/opinion/submit-opinion/ (fetched 2026-10-09) | ads/audience: https://www.facilitiesdive.com/advertise/ (fetched 2026-10-09) | recency: https://www.facilitiesdive.com/ (fetched 2026-10-09),verified,61,50,vendor-restricted; ai-policy; exclusivity,,
Security Sales & Integration (SSI),https://www.securitysales.com/,Fire and Life Safety,free,"Installing electronic security and fire/life-safety contractors, systems integrators, electrical contractors installing fire alarm, central stations, distributors, manufacturers","'more than 28,000' security professionals monthly (self-reported)","Features, installation case studies, columns/departments (incl. Fire and Intrusion), opinion pieces","Features and case studies 1,600-2,400 words; departments, columns, opinion ~800 words",https://www.securitysales.com/writers_guidelines,"Dan Ferrisi, Group Editor, Commercial and Security",obfuscated - see page (phone 914-383-9030 listed),"Free (earned/contributed); Advertise With Us page exists, rates not found","Topics must be pre-approved; proposals need detailed outline plus contacts, 3 months ahead for print calendar; material EXCLUSIVE to SSI before and 4 months after publication; only mention of contributor name/company is byline and small bio box (no promotion); art must be brand-neutral; case studies must be from the installer/consultant/end-user viewpoint, not the manufacturer, and require end-user approval; contributed material becomes property of Emerald. Parent: Emerald Media Network (check exclusivity vs. sister titles). No AI policy stated on page.",4,"Contributor feature (departments: Fire and Intrusion / Business): 'How a multi-branch service contractor got technicians field-ready in 3 days' using White Knight (446 employees, 226 courses, 97% participation, ~$1M/yr attrition cost reduction reported) framed as installer-company story, vendor-neutral, with an alarm/fire contractor co-author if possible",2026-10,"guidelines/audience/exclusivity/contact: https://www.securitysales.com/writers_guidelines (fetched 2026-10-09) | recency (Fire Prevention Week, GSX 2026 items): https://www.securitysales.com/writers_guidelines (fetched 2026-10-09)",verified,62,50,vendor-restricted; ai-policy; exclusivity,,
Training Industry - The Business of Learning podcast,https://trainingindustry.com/writing-for-training-industry/,"Adjacent (plumbing, electrical, home services, FSM, workforce, L&D)",free,Corporate L&D leaders,not found,Video podcast guest episodes,Episode (length not found),https://trainingindustry.com/writing-for-training-industry/,"Michelle Eggleston Schwartz (editor in chief, co-host)",editor@trainingindustry.com,Free,"Guest requests by email; 2027 episode topics listed (L&D Hacks, Continuous Learning Ecosystem, Training for Middle Managers, Assessing and Measuring Employee Capabilities). Same Training Industry parent as CLO. Product pitching unlikely to fit.",3,"Guest with a customer training leader on 'Assessing and Measuring Employee Capabilities': readiness scoring by person/role/branch, 94% completion, ~40% faster ramp (Quinn benchmark).",2026-09,podcast guest policy and topics: https://trainingindustry.com/writing-for-training-industry/ (fetched 2026-10-09),verified,63,49,,,
Training Industry Conference & Expo (TICE) 2027 call for presenters,https://trainingindustry.com/tice/training-industry-conference-expo-call-for-presenters/,"Adjacent (plumbing, electrical, home services, FSM, workforce, L&D)",free,Corporate L&D leaders,not found,45-minute conference sessions (max 4 presenters),45 min session,https://trainingindustry.com/tice/training-industry-conference-expo-call-for-presenters/,Training Industry events team,Submission form linked on page,"Free to submit; unpaid speaking, complimentary registration only","Deadline was 2026-10-02 (passed 7 days ago); notifications from Nov 2026; one session per person/company; commercially focused presentations not considered. Event June 8-10, 2027 Raleigh NC. Check whether late submissions or Strategy Summit 'Call for Speakers' (nav link) remain open.",3,"Co-present with a trades customer: 'From SOP to ramped technician in 3 days' (non-commercial, practitioner-led). Ask about late/waitlist or Strategy Summit speaker call.",2026-07,"deadline, rules, pay: https://trainingindustry.com/tice/training-industry-conference-expo-call-for-presenters/ (fetched 2026-10-09)",verified,64,49,,,
Field Service News (Copperberg AB),https://www.fieldservicenews.com,"Adjacent (plumbing, electrical, home services, FSM, workforce, L&D)",free,Global field service management and operations leaders (FSM software buyers),not found,"News, commentary, features, white papers, library; press-partner commentary (per search result for a campaign page)",300-600 words for commentary (search-result snippet),https://www.fieldservicenews.com/contact-us/,Editorial team (names not read),contact form on https://www.fieldservicenews.com/contact-us/,Press-partner/paid campaign pricing not found,"Seed re-check: no write-for-us page found; about page says Copperberg portfolio. Contributions appear to run through press-partner monthly feature commentary or sponsored campaigns (snippet from a 2025 campaign page; not fetched). Vendor commentary typical, so a vendor angle is accepted. AI policy not found. Audience is software/ops-centric rather than trades.",3,Short commentary (300-600w) in a technician-training or AI feature month: 'AI coaching for technicians mid-job' with ServiceTitan/FieldRoutes replica practice angle.,2026-10-09,about/portfolio: https://www.fieldservicenews.com/about-us/ (fetched 2026-10-09) | contact: https://www.fieldservicenews.com/contact-us/ (fetched 2026-10-09) | recency: https://www.fieldservicenews.com/ (fetched 2026-10-09),verified,65,49,,,
Jobs for the Future (JFF),https://www.jff.org,"Adjacent (plumbing, electrical, home services, FSM, workforce, L&D)",free,"Workforce and education policymakers, employers, workforce boards",not found,"Reports, blog, events (Horizons Summit)",not found,https://www.jff.org/contact-us/,not found,https://www.jff.org/contact-us/ (form),Free,No contributor policy found; published 'The State of America's Skilled Trades' national report 2026-09-30 and dashboards. Expert-source/partnership route.,3,Offer expert commentary/data from 200+ ops teams to complement JFF's skilled-trades report; propose employer-training case study.,2026-10-08,recency/skilled trades report: https://www.jff.org/ (fetched 2026-10-09) | contact: https://www.jff.org/contact-us/ (fetched 2026-10-09),verified,66,49,,,
Engineered Systems (ES NEWS),https://www.esmagazine.com,Mechanical Contracting; Building Automation,free,"HVAC/mechanical systems engineers, facilities, commissioning professionals (100-year-old HVACR title)",not found,"News, case studies, commissioning columns, podcasts, webinars, Today's Boiler",not found,https://www.esmagazine.com/contactus,not found,Submit a Letter form (no guideline page found),Free route not confirmed; advertise page https://www.esmagazine.com/advertise (pricing not found),"No contributor guidelines found; BNP Media parent (siblings ACHR NEWS, Plumbing & Mechanical). Likely follows BNP policies - unconfirmed",3,Commissioning/facilities case study of training techs on building systems with a customer facility,2026-10,homepage/contact: https://www.esmagazine.com (fetched 2026-10-09) | contact: https://www.esmagazine.com/contactus (fetched 2026-10-09),verified,67,49,,,"ES News (esmagazine.com, BNP Media; ACHR NEWS family)"
Uptime Magazine / Reliabilityweb.com,https://reliabilityweb.com/,Facilities Maintenance,free,"Reliability, maintenance and asset management professionals",not found,"Articles, case studies, 'tales from the shop', Uptime Magazine, events (IMC), Reliability TV/Radio","under 1,000 words",https://reliabilityweb.com/advertise-with-us,not found,crm@reliabilityweb.com; Article Submission Form on page,Articles free; marketing/sponsorship inquiries via crm@reliabilityweb.com (rates not found),"'Articles with marketing content will not be accepted'; need author photo and bio; all reviewed, notified if accepted. Uptime Magazine author rules not separately found",3,"Case-study style article under 1,000 words: reliability culture and knowledge transfer from senior techs, non-promotional; may also convert to IMC talk",2026-07 (About page modified 2026-07-15; no dated article read),submission rules: https://reliabilityweb.com/advertise-with-us (fetched 2026-10-09) | about: https://reliabilityweb.com/en/about-us (fetched 2026-10-09),verified,68,49,,,
SecurityInfoWatch / Security Business / Security Executive,https://www.securityinfowatch.com/,Fire and Life Safety,free,"Security integrators, consultants, installers, executives; fire/life safety adjacent",not found,"News, features, podcasts, videos, webinars, e-newsletters; press releases via submitnews address",not found,not found (no contributor guidelines page located),"Steve Lasky, Editorial Director; Rodney Bosch, EIC SecurityInfoWatch; Paul Rothman, EIC Security Business",obfuscated - see page; press releases: submitnews@securityinfowatch.com (listed on contact page),Free for press release/pitch; paid advertising/sponsored content via Advertise page (rates not found),No public contributor rules found: pitch the editors by email. Parent Endeavor Business Media (sibling of EHS Today; avoid duplicate placement). AI policy not found.,3,"Expert-commentary pitch on AI training for alarm/fire technicians (security integrators adopting AI), offering Quinn exec as source; podcast guest pitch",2026-10,"contacts/parent/titles: https://www.securityinfowatch.com/contact-us (fetched 2026-10-09) | about, Endeavor: https://www.securityinfowatch.com/about-us (fetched 2026-10-09) | recency (home page podcast item): https://www.securityinfowatch.com/ (fetched 2026-10-09)",verified,69,49,,,
ACCA Awards Program,https://www.acca.org/about/awards,HVAC,free,ACCA member contractors,not found,"Awards (Contractor of the Year etc.), recognition across ACCA platforms",not found,https://www.acca.org/about/awards,not found,see awards page,No application fee,Nominations for 2027 awards open until Nov 30 (2026); must be ACCA member companies/individuals in good standing; nominees must attend the ceremony; ceremony Mar 15 2026 page text mentions Las Vegas (dates on page inconsistent),3,Help a customer submit a nomination featuring training outcomes; indirect earned exposure,2026-10,"eligibility, no fee, Nov 30 deadline: https://www.acca.org/about/awards (fetched 2026-10-09)",verified,70,49,,,
Control Design (Endeavor),https://www.controldesign.com/,Industrial Automation,free,"Machine builders/OEMs, system integrators, engineering firms (controls)",not found,"Articles, Control Intelligence podcast, videos, white papers, events",not found,not found (contributor page not located; contact-us read),"Mike Bacidore, Editor-in-Chief; Madison Ratcliff, Senior Digital Editor",obfuscated - see page (editor emails on contact page); sales emails @endeavorb2b.com listed,"Free to pitch; paid via sales (Mitch Brian, VP Sales)","SIBLINGS (Endeavor): Automation World, Control Global, Machine Design, Electronic Design. Endeavor tech sites (Machine Design, Electronic Design) publish contributor pages: pitch an abstract first (per search snippet; Control Design page not read). Very technical OEM/controls audience, weak buyer fit for training - low priority",3,"Control Intelligence podcast or integrator-focused piece: system integrators' hiring/ramp problem (new controls techs, tribal knowledge on commissioning); only if tied to integrators like CSIA members",2026-10-05,contact: https://www.controldesign.com/contact-us (fetched 2026-10-09) | podcast: https://www.controldesign.com/podcasts/control-intelligence (fetched 2026-10-09) | recency/affiliates: https://www.controldesign.com/ (fetched 2026-10-09),verified,71,49,,,
The Manufacturing Institute (NAM),https://themanufacturinginstitute.org/,Industrial Automation,free,"Manufacturing executives, HR/workforce leaders, FAME apprenticeship employers, policymakers",not found,"Press releases, workforce news, research (Deloitte, PwC studies), events (2026 Workforce Summit), STEP Ahead Awards, FAME USA, AI skills training",not found,not found (no contributor guidelines; press-release and workforce-news pages read),not found,not found (contact not read on pages fetched),Free for earned/partner exposure; sponsorships/membership not found,"Not a contributed-content outlet; route is partnership, research citation, summit speaking, STEP Ahead nomination of a customer. Recent MI/Deloitte study (Sept 2026) says AI could digitize technical knowledge and speed technician skills training - direct tie to Quinn. MI launching free AI Skills Training (Google.org $10M). Vendor-sponsored platform risk: expect questions on AI claims",3,Offer White Knight (via customer) as a STEP Ahead or Workforce Summit practitioner story on capturing technician know-how; cite Deloitte/MI finding that AI can digitize technical knowledge,2026-10-02,workforce news: https://themanufacturinginstitute.org/workforce-news/ (fetched 2026-10-09) | press releases: https://themanufacturinginstitute.org/press-releases/ (fetched 2026-10-09) | homepage: https://www.themanufacturinginstitute.org/ (fetched 2026-10-09),verified,72,49,,,
BugBytes Podcast (NPMA),https://www.npmapestworld.org/your-business/latest-news/argentine-ants-house-mice-and-asian-tiger-mosquitoes-featured-on-bugbytes/,Pest Control,free,"Pest management technicians, trainers and technical managers",not found,Monthly technical podcast by NPMA technical team with occasional special guests,about 25-35 min (inferred; not stated),not found,not found,training@pestworld.org (listed for BugBytes feedback),Free (no fee stated),"Technical/science focus (ants, rodents, mosquitoes). Guests so far are industry practitioners (e.g. a Quebec pest company). Vendor pitch unlikely to fit; training-content angle might",3,"Offer a practitioner-led segment on technician training and ramp time (94% completion, ~40% faster ramp, Quinn benchmark) rather than a product pitch; best with a pest-company customer co-guest",2026-10-01,"Oct 1 2026 episode post, guest and email: https://www.npmapestworld.org/your-business/latest-news/argentine-ants-house-mice-and-asian-tiger-mosquitoes-featured-on-bugbytes/ (fetched 2026-10-09)",verified,73,49,,,
RIA Media Room / RIA Beyond podcast,https://www.restorationindustry.org/restoration-industry-media,Restoration,free,Restoration industry,not found,"Press releases, interview requests, 'RIA Beyond' podcast (ep 1 April 2026), affinity-partner announcements",not found,https://www.restorationindustry.org/restoration-industry-media,Hannah (surname not shown),hgardyasz@restorationindustry.org; Press & Media Request Form on page,Free to request; affinity partnership is a paid vendor program,"Media room is RIA's own announcements. Affinity partners recently announced: Albiware, magicplan, TM+ Solutions, AnswerForce - vendor route exists.",3,Explore affinity-partner announcement and member webinar (CECs) on training/readiness.,2026-04,media room: https://www.restorationindustry.org/restoration-industry-media (fetched 2026-10-09),verified,74,49,,,
RoofTalk with NRCA (podcast),https://nrcarooftalk.podbean.com/,Roofing,free,Roofing professionals/NRCA members,not found,"Podcast with expert guests (safety, legislation, workforce, technical); also on YouTube",not found,not found,Host not named on page read; NRCA communications: Krista Berns / Ambika Puniani Reid,"kberns@nrca.net; areid@nrca.net (from Professional Roofing about page, not podcast page)",Free if invited; no guest application found,"NRCA-produced; guests tend to be contractors/NRCA staff; PARENT NRCA (same as Professional Roofing). Latest episode covered AI in roofing, so topic is welcome.",3,"Contractor-led episode on AI coaching / Ask Quinn for field crews, ideally with a roofing customer co-guest",2026-09-18,podcast page episode date Sept 18 2026: https://www.nrca.net/news-events/podcast (fetched 2026-10-09) | show description + AI topic: https://nrcarooftalk.podbean.com/ (fetched 2026-10-09),verified,75,49,,,
Roofing Success Podcast (Jim Ahlin / Roofer Marketers),https://www.buzzsprout.com/2187966,Roofing,free,Roofing contractors (marketing/business),not found,Interview podcast,not found,not found,"Jim Ahlin (host, co-founder Roofer Marketers)",not found on page read,Free guest spots (no public process),"Run by a marketing agency, linked to JobNimbus marketing per search result (unverified on page); likely lead-gen/partner conflicts.",3,Guest: 'Training is a marketing problem too: consistent homeowner conversations'; use roleplay-sim angle,2026-10-06,about page: https://www.buzzsprout.com/2187966/about (fetched 2026-10-09) | episode dates: https://www.buzzsprout.com/2187966 (fetched 2026-10-09),verified,76,49,,,
Education Dive,https://www.educationdive.com/,Trade Schools,free,Higher ed and K-12 leaders,"Higher Ed Dive audience stated as 184,000+ (advertise page)",News; opinion (same submit page as Higher Ed Dive),not found,https://www.educationdive.com/opinion/submit-opinion/,not found,Submission form (shared with Higher Ed Dive),Free; ads via advertise page,Same Industry Dive opinion rules as Higher Ed Dive (page branded Higher Ed Dive). Sibling-exclusivity: pick one Dive brand per piece. Generative-AI op-eds rejected.,3,Use Higher Ed Dive as the single Dive submission; offer Education Dive/K-12 Dive reporters expert commentary instead.,2026-10,submit opinion page: https://www.educationdive.com/opinion/submit-opinion/ (fetched 2026-10-09) | advertise/audience: https://www.educationdive.com/advertise/ (fetched 2026-10-09),verified,77,49,,,
Campus Technology,https://campustechnology.com/pages/pr-guidelines.aspx,Trade Schools,free,Higher ed IT/administrators with buying authority,not found,"Case studies, interviews, opinion, columns, features, panels, awards",not found (pitch/abstract first),https://campustechnology.com/pages/pr-guidelines.aspx,not found,obfuscated - see page,Free for editorial; paid ads/sponsored content via advertising page (converge360.com/pages/advertising/ct.aspx),Opinion submissions welcome anytime; other articles by brief pitch tied to Editorial Calendar slot (put slot in subject); allow 2-3 weeks. Advertisers get no editorial advantage. Parent likely Converge360 (shares ad platform with THE Journal) - treat as siblings.,3,Pitch a real-life case study/interview angle with a college or trades-training partner using AI simulations; cite Quinn benchmarks as labeled.,2026-10-08,pitch guidelines: https://campustechnology.com/pages/pr-guidelines.aspx (fetched 2026-10-09) | recency (10/08/2026): https://campustechnology.com/ (fetched 2026-10-09),verified,78,49,,,
Technical Education Post (techedmagazine.com),https://www.techedmagazine.com/,Trade Schools,free,"Technical, technology and STEM educators; claims 200,000+ educators at 17,000+ entities","Claimed 200,000+ educators (self-reported advertising page)","News, press releases, resources; contributed material welcomed",not found,https://www.techedmagazine.com/contact/,not found,publisher@techedmagazine.com,Free for news releases; ad rates not found,Contact page: looking for contributed material; news releases to publisher@techedmagazine.com. Audience claims are self-reported. Site pushes AI/workforce stories.,3,Press release plus short contributed piece on AI training for tech ed programs.,2026-09-01,contact/contribute: https://www.techedmagazine.com/contact/ (fetched 2026-10-09) | advertising/audience claim: https://www.techedmagazine.com/advertising/ (fetched 2026-10-09) | recent post: https://www.techedmagazine.com/ (fetched 2026-10-09),verified,79,49,,,
"ServiceTitan blog, podcast and Pantheon",https://www.servicetitan.com/blog,"Adjacent (plumbing, electrical, home services, FSM, workforce, L&D); HVAC",free,Contractor owners using ServiceTitan,not found,"Blog, podcast ('top industry contractors'), Pantheon user conference (Oct 5-7, 2026, Orlando; 5,000+ attendees), webinars",not found,https://www.servicetitan.com/podcasts,press@servicetitan.com (from 2025 investor release in search results; not read on page),not found,Not found,"No guest/blog contributor policy on pages read; Pantheon 2026 already occurred and no 2027 speaker call found. Quinn builds ServiceTitan practice replicas, so relationship may help; treat as partner/ecosystem, not a neutral publication.",3,Ask partner/marketplace team for a customer-led webinar or podcast spot on training ServiceTitan power users.,2026-10,"blog, Pantheon: https://www.servicetitan.com/blog (fetched 2026-10-09) | events: https://www.servicetitan.com/events (fetched 2026-10-09) | podcasts: https://www.servicetitan.com/podcasts (fetched 2026-10-09)",verified,80,47,,,ServiceTitan blog
NFSA (National Fire Sprinkler Association) blog / NFS magazine,https://nfsa.org/category/blog/,Fire and Life Safety,free,"Fire sprinkler contractors, designers, manufacturers (NFSA members); training and ITM resources",not found,"Association blog, Inspection Testing & Maintenance resources, training, seminars, magazine (members app)",not found,not found,not found,https://nfsa.org/contact-us/ (contact page linked),Membership/sponsorship rates not found,NFSA magazine page (app.nfsa.org) disallowed by robots.txt; no contributor guidelines found. Pitch NFSA education/training staff for seminar or webinar guest spot.,4,Guest webinar/blog on competency-based ITM technician training with White Knight numbers,2026-10-08,blog dates: https://nfsa.org/category/blog/ (fetched 2026-10-09) | site/training/ITM links: https://www.nfsa.org (fetched 2026-10-09) | magazine app: https://app.nfsa.org/nfs-magazine/ (robots-disallowed),unverified,81,47,,,
Aspire Software blog (landscape software vendor),https://www.youraspire.com/blog,Landscaping,free,Landscape/commercial field service operators,not found,"Blog, Customer Story, Industry Report, Ignite conference coverage",8 min reads,not found,not found,not found,Free; cost not found,"Vendor blog, no guest policy found; competitor-adjacent software, so expect partner/integration framing rather than guest posts. Ignite 2026 held Oct 7-9, Orlando.",3,Partner webinar or integration content; not a guest byline.,2026-10-08,blog page: https://www.youraspire.com/blog (fetched 2026-10-09),verified,82,47,,,
"Pest Control Legends (podcast, Dan Leibrandt)",https://www.castfox.net/podcast/pest-control-legends-7042708,Pest Control,free,Pest control owners (weekly interviews with top operators),not found,Interview podcast,not found,not found,Dan (Danny) Leibrandt (host),not found (official site blocked by network policy),Not found,"Official site pestcontrollegends.com blocked-by-network-policy; facts come from third-party aggregator only. Aggregator tag says 'Accepts Guests' (search result, unread). Host also runs Pest Control Success Stories and Zip Code Kings on the Pest Control Millionaires network",4,Guest or sponsor-free interview: how top operators capture veteran tech knowledge; pair with a customer like White Knight,2026-10-07,episode dates (third party): https://www.castfox.net/podcast/pest-control-legends-7042708 (fetched 2026-10-09) | official site blocked: https://www.pestcontrollegends.com (fetched 2026-10-09),unverified,83,47,,,
ACCT Trustee Quarterly,https://www.acct.org/publications-media/trustee-quarterly,Trade Schools,free,"Community college trustees, presidents",not found,"Governance, workforce, AI, policy articles",not found,not found,not found,not found,Not found,Fall 2026 issue covers 'embedding AI skills'; Spring 2026 Workforce Pell. No author guidelines found on page. Contact ACCT to ask; likely member/expert-driven.,3,Offer governance-angle piece: trustees' questions to ask about AI in workforce training outcomes.,2026-10,issues listing: https://www.acct.org/publications-media/trustee-quarterly (fetched 2026-10-09),verified,84,47,,,
BACnet International - Journal of Building Automation,https://bacnetinternational.org/journals/,Building Automation,free,"BACnet community: engineers, contractors, facility professionals, owners, manufacturers, students",not found (monthly newsletter 'Cornerstones' also exists),"Abstracts/articles for journal, case studies, newsletters",not found (author guidelines PDF not readable),https://bacnetinternational.org/journal-of-building-automation-submission-information/,"Mary Catherine Heard, Marketing and Communications Manager",marycatherine@bacnetinternational.org (listed on submission page),Free to submit; advertising per Journal Media Plan (rates not readable); corporate membership is separate (cost not found),"Must follow Journal Author Guidelines and a Commercialism Code of Conduct (text not read - expect strict no-promotion); copyright release; permissions for third-party material; BACnet-technology focus, so pitch must tie to BACnet/BAS operations, not Quinn product; no AI policy found",3,Abstract on workforce readiness for BACnet commissioning/service technicians: how standardized training and in-the-field 'Ask Quinn' answers cut ramp time - kept protocol-focused and non-commercial,2026-06,submission page: https://bacnetinternational.org/journal-of-building-automation-submission-information/ (fetched 2026-10-09) | journals list (Spring 2026 issue PDF dated 2026/06): https://bacnetinternational.org/journals/ (fetched 2026-10-09) | membership/newsletters: https://bacnetinternational.org/wp-json/wp/v2/pages/3428 (fetched 2026-10-09),verified,85,46,ai-policy,,
Occupational Health & Safety (OH&S),https://ohsonline.com/,Fire and Life Safety,free,"Corporate executives, health and safety managers, industrial hygienists, engineers, personnel managers","not found (older award text cites 80,000+ circulation in 2008; not current)",Contributed educational articles; webinars; Training and Software coverage,"750-1,250 words, plus headline, subhead, two-sentence bio",https://ohsonline.com/pages/writers-guidelines.aspx,"David Kopf, Publisher and Executive Editor; Stasia DeMarco, Content Editor",obfuscated - see page,Free (earned). Advertising via Converge360 (rates not found),"Educational, not promotional (page asks for reliable sourcing, case studies); submission grants 1105 Media Inc. full unlimited copyright release; no AI or exclusivity statement on page. Parent: 1105 Media / Converge360.",3,"750-1,250 word educational piece on safety training consistency across branches (e.g., fire watch / ITM procedure drift) with White Knight 96% completion as the evidence; no hard sell",2026-10-08,"guidelines/contacts/copyright: https://ohsonline.com/pages/writers-guidelines.aspx (fetched 2026-10-09) | about/parent: https://ohsonline.com/pages/about-us.aspx (fetched 2026-10-09) | recency (Oct 08, 2026 sponsored items; AI coverage on home): https://ohsonline.com/pages/about-us.aspx (fetched 2026-10-09)",verified,86,46,ai-policy,,
High-Performance HVAC Today (National Comfort Institute),https://hvactoday.com/,HVAC,free,Performance-based HVAC contractors,not found,"Contributed contractor articles, podcast, product reviews",not found,https://hvactoday.com/contribute/,not found,form on contribute page,Free; guest authors get printed issue copy. Advertising form for magazine and podcast,"By high-performance contractors; articles edited, author has final approval; no reposts, no general news, no press releases unless on topic; no AI policy found. Niche: field-measurement / performance-based contracting. Parent: National Comfort Institute (training company)",3,Contractor-authored process piece: building service agreements around measured performance and trained techs (customer-led),2026-09,contribute policy: https://hvactoday.com/contribute/ (fetched 2026-10-09) | advertise: https://hvactoday.com/advertise-with-us/ (fetched 2026-10-09) | recency Sept 2026: https://hvactoday.com/ (fetched 2026-10-09),verified,87,46,ai-policy,,
Arborist News (ISA) - tree care adjacent,https://www.isa-arbor.com/Publications/Arborist-News,Landscaping,free,"Arborists and tree care professionals; ISA >20,000 members","ISA >20,000 members (advertising page); bimonthly print+digital","Feature articles, Continuing Education (with 20-question quiz), Climbers' Corner, Simply Safe","Features 1,500-3,000 words with 3-5 images (per search of ISA author guidelines; PDF not read)",https://www.isa-arbor.com/Newsroom/submit-your-articles-to-arborist-news,Arborist News Editor; email obfuscated - see page,"email obfuscated - see page; mail: PO Box 191, Annapolis Junction MD 20701",Free (submission). Advertising via ISA Media Kit,Open call for all article types posted 2026-03-13. Technical articles need review by at least two people; edited for brevity and style (from guidelines per search). Educational not promotional tone expected; no AI policy found. Tree care is secondary to landscaping core but crews overlap.,3,"Simply Safe or Continuing Education-style piece: turning field safety SOPs into shareable crew briefings and short courses; cite White Knight: 446 employees, 226 courses, 97% participation, 96% completion, reported ~$1M/yr technician attrition cost reduction (meetquinn.ai/results/white-knight) only as a brief example.",2026-09-29,submission call: https://www.isa-arbor.com/Newsroom/submit-your-articles-to-arborist-news (fetched 2026-10-09) | magazine page: https://www.isa-arbor.com/Publications/Arborist-News (fetched 2026-10-09) | advertising: https://www.isa-arbor.com/Publications/Advertising-Opportunities (fetched 2026-10-09) | Oct 2026 issue: https://www.isa-arbor.com/Newsroom/october-issue-of-arborist-news-online-4 (fetched 2026-10-09),verified,88,46,ai-policy,,
Health Facilities Management (ASHE / American Hospital Association),https://www.hfmmagazine.com/,Facilities Maintenance,free,"Hospital facilities, engineering, construction leaders (ASHE members)",not found,"Feature articles by hospital pros, consultants and suppliers; new products; case studies",assigned by editor,https://www.hfmmagazine.com/aboutus/editorial-guidelines,"Mike Hrickiewicz, Editor-in-chief; Jamie Morgan, senior editor (products)","mhrickiewicz@aha.org, 312-893-6813; jmorgan@aha.org (products)",Free (contributed); subscription via ASHE,Suppliers explicitly welcome; call/email EIC first to discuss; outline then assigned word count/deadline; visual-heavy (300 dpi images). No explicit vendor ban or AI policy found; AHA noncommercial reuse notice on site,3,"Healthcare FM workforce: onboarding hospital maintenance techs on compliance SOPs (CMS/Joint Commission) with Quinn readiness scoring, only if a healthcare customer case exists",2026-09-16,guidelines/contact: https://www.hfmmagazine.com/aboutus/editorial-guidelines (fetched 2026-10-09) | recency: https://www.hfmmagazine.com/ (fetched 2026-10-09),verified,89,45,vendor-restricted,,
Restoration Today podcast (Michelle Blevins),https://apple.co/3lyOqwL,Restoration,free,Restoration owners and leaders,not found,"Weekly video/audio interviews with contractors, suppliers, insurers; sponsored series (Restoration Master Class, Chasing the Vision)",15-50 min,not found,Michelle Blevins (host),not found,"Standard guest spot: not found; some series are sponsor-funded (DocuSketch, Violand Management)","Read via Apple Podcasts listing only. Vendor guests appear (Verisk, DocuSketch), some in sponsor-branded series so vendor appearances may be sponsorship-gated. Pitch through C&R.",4,Guest conversation on 'training restoration techs when you cannot spare your best lead' with White Knight proof.,2026-10-06,show description and recent episodes: https://apple.co/3lyOqwL (fetched 2026-10-09),unverified,90,45,,,
University Business,https://universitybusiness.com/write-for-us,Trade Schools,free,College and university presidents and senior leaders,not found,"Guest columns, story sources; podcasts, webinars",650-800 words (longer for presidents); headline 8-12 words,https://universitybusiness.com/write-for-us,Matthew Zalaznick (managing editor); Alcino Donadel (staff writer),obfuscated - see page; phone 646-978-9578 on page,Free (no payment for columns); paid custom media for thought leadership/case studies,"VENDOR RULE: columns that directly or indirectly promote a product/company, or present a product/service case study, are rejected; no product references. Advertisers get no advantage. Pitch one editor or disclose multi-pitching. Must discuss topic with editor before writing. Focus on solutions (problem <=25%).",3,"Co-authored column with a college partner on faster technician ramp via competency-based practice, no Quinn name in text; or offer Donadel sources: trades employers, White Knight (446 employees, 226 courses, 97% participation, 96% completion, reported ~$1M/yr technician attrition cost reduction per meetquinn.ai/results/white-knight) stats as context only if no product case study.",2026-10,column guidelines: https://universitybusiness.com/write-for-us (fetched 2026-10-09) | recent articles: https://universitybusiness.com/ (fetched 2026-10-09),verified,91,45,vendor-restricted,,
Chief Learning Officer (CLO) magazine,https://www.chieflearningofficer.com,"Adjacent (plumbing, electrical, home services, FSM, workforce, L&D)",free,Enterprise CLOs and senior L&D leaders,not found,"Features, case studies (with metrics), In Practice sidebars, In Conclusion guest editorials, business-intelligence features, web-only features","Features 2,000w; case study 1,500w; In Practice 600w; guest editorial 750w; web-only <2,000w",https://www.chieflearningofficer.com/?p=24670,Editorial (editor email not read on page),Submission form linked from guidelines page (not read); older listings cite editor@clomedia.com - unverified [editor@clomedia.com: not found in any page text fetched by this run (likely search snippet); confirm on the outlet's site],Free for practitioner contributions; sponsorship/advertise and corporate-membership routes exist (prices not found),"Not a marketing opportunity; editors decide final content; vendor/provider pitches not accepted per search-result snippet of newer contribute page (info.chieflearningofficer.com/contribute returned HTTP 403, not read). Author agreement: exclusive, no republication without publisher consent. PARENT: now owned by Training Industry Inc. (acquisition notice on site) - sibling exclusivity with Training Industry; do not pitch same piece to both. No AI policy found on page read.",3,"Customer-voiced case study (446-employee trades operator, metrics: 97% participation, 96% completion, reported ~$1M/yr technician attrition cost reduction per meetquinn.ai/results/white-knight) pitched with the customer as byline; Quinn as source only. In Conclusion op-ed: 'Your best technician's knowledge is trapped in their head'.",2026-10,guidelines/formats/author agreement: https://www.chieflearningofficer.com/?p=24670 (fetched 2026-10-09) | Training Industry acquisition notice: https://www.chieflearningofficer.com/?p=24670 (fetched 2026-10-09),verified,92,44,ai-policy; exclusivity,,
HR Dive (Informa TechTarget) - opinion section,https://www.hrdive.com,"Adjacent (plumbing, electrical, home services, FSM, workforce, L&D)",free,"HR leaders, talent and learning professionals",not found,"Opinion/op-ed (~1,000 words); newsletters incl. Learning Weekly (Tuesdays)","~1,000 words (average submission)",https://www.hrdive.com/opinion/submit-opinion/,HR Dive opinion editor (address obfuscated),obfuscated - see page (submission form on page),Free,"Exclusive to HR Dive; 30-day exclusivity after publication; must be original; GENERATIVE AI NOT PERMITTED in writing op-eds - AI-generated submissions are rejected; editors judge promotional/biased pieces; expect 2-3 edit rounds; reply within ~3 weeks if accepted. PARENT: Informa TechTarget (Dive Brief network incl. Workforce Dive, Higher Ed Dive - same rules likely; do not send same op-ed to siblings).",3,"Human-written op-ed (AI-free, strong flag for an AI company): 'The skills gap is a knowledge-transfer gap' - grounded in White Knight ~$1M/yr technician attrition cost reduction; keep Quinn mention to bio.",2026-10-01,opinion rules: https://www.hrdive.com/opinion/submit-opinion/ (fetched 2026-10-09) | recency: https://www.hrdive.com/ (fetched 2026-10-09),verified,93,44,ai-policy; exclusivity,,
PHCC Solutions magazine and eNewsletter (Plumbing-Heating-Cooling Contractors Association),https://www.phccweb.org,"Adjacent (plumbing, electrical, home services, FSM, workforce, L&D); HVAC; Mechanical Contracting",paid,"PHCC member plumbing/HVAC contractors; ~3,500 decision-makers on email (site claim)","~3,500 decision-makers (site claim)","Magazine ads, eNewsletter sponsorship, associate-member options; PHCC CONNECT annual conference",not found,https://www.phccweb.org/advertising-opportunities/,"Justin Boulka (ad contact, The Wyman Company)",jboulka@thewymancompany.com,Not found; associate-member discounts mentioned,Advertising via association; editorial/contributor guidelines for Solutions not found (note: PHCC 'Connections' name not confirmed - magazine appears as 'Solutions'). Associate membership may unlock editorial/conference visibility.,3,Associate-member/sponsor route plus pitch PHCC CONNECT 2026 education: 'Training plumbers when your best tech is on a call'.,2026-10-08,"ad contact, audience: https://www.phccweb.org/advertising-opportunities/ (fetched 2026-10-09) | homepage recency: https://www.phccweb.org/ (fetched 2026-10-09)",verified,94,44,,,"PHCC (Solutions magazine, eNewsletter, PHCC Connect) | PHCC (Solutions magazine / PHCC Online / CONNECT)"
IEC Insights magazine,https://ieci.org/insights/advertise/,"Adjacent (plumbing, electrical, home services, FSM, workforce, L&D)",paid,Electrical and systems contractors (IEC members),"Print 6,000 + digital 13,000 (publisher claim)","Print/digital ads; bonus distribution at Business Summit and SPARK expo (Oct 22-24, 2026)",not found,https://ieci.org/insights/advertise/,IEC marketing/advertising (not named),contact via ieci.org/contact-us,"Full page print+digital $5,500; spread $7,000; half page $5,000 (2026 rates)",Editorial/contributor guidelines not found; Insights is published six times per year. Page also lists Insights articles at ieci.org/articles/.,3,Paid placement tied to SPARK Oct 22-24 only if budget fits; first ask editors about contributed 'Articles' route.,2026-10-08,circulation and rates: https://ieci.org/insights/advertise/ (fetched 2026-10-09) | homepage recency: https://www.ieci.org/ (fetched 2026-10-09),verified,95,44,,,
Consulting-Specifying Engineer (csemag.com),https://www.csemag.com/,Building Automation; Mechanical Contracting,free,"MEP/FP consulting engineers, design-build, controls specifiers in non-residential buildings",not found,"Feature articles, web exclusives, bylined departments, product case studies, e-newsletter features, videos, letters","Print 1-4 pages (~600 words/page); online 600-3,000 words; case studies 600-1,500 words",https://www.csemag.com/connect/how-to-contribute/full-contributor-guidelines/,"Amara Rozgus, Editor in Chief",obfuscated - see page (ARozgus at wtwhmedia.com as shown on guidelines page),Free (contributed),"SIBLING EXCLUSIVITY: content must be exclusive to the three sister brands (Consulting-Specifying Engineer, Control Engineering, Plant Engineering) - pitch one editor, do not shop to siblings elsewhere; noncommercial and instructional, not product-specific; author agreement required; no disclaimers/legal notices and no reuse restrictions; technical articles anonymously peer reviewed; pitch idea first, tie to editorial calendar 3+ months ahead; guidelines name WTWH Media but site footer now shows Arrowfly LLC (parent changed - confirm); no AI-content policy found (site is launching AI for Engineers)",3,"Web-exclusive/case study (600-1,500 words) on commissioning and BAS handoff: how operations teams keep technicians consistent on sequences-of-operation and controls SOPs; focus on the solution, not the product; include before/after ramp data",2026-09,"guidelines: https://www.csemag.com/connect/how-to-contribute/full-contributor-guidelines/ (fetched 2026-10-09) | recency (Sept/Oct 2026 issue, 2026 40 Under 40): https://www.csemag.com/ (fetched 2026-10-09)",verified,96,44,ai-policy; exclusivity,,Consulting-Specifying Engineer (CFE Media)
APPA Facilities Manager (magazine),https://www.appa.org/fmmagazine,Facilities Maintenance,free,"Educational facilities leaders (higher ed, K-12): utilities, trades, grounds, housing","4,600+ impressions and 3,100+ reads per issue, avg read time 8.5+ min (APPA claim)","Features, field commentary, research/innovation pieces, member project stories; advertising","No strict word count (older guide says 1,700-2,200)",https://www.appa.org/fmmagazine,Editorial team (Anita Dosik named in 2025 guidelines per search only; not read),publications@appa.org (subject 'Facilities Manager'); advertising marketing@appa.org,"Editorial free; ads: spread member rate from $7,500, non-member see purchase page","Not promotional: if goal is to promote a product/service, advertise instead. Editorial Board evaluates; must be original/unpublished, authors keep ownership (APPA non-exclusive rights); must highlight real projects/partnerships with APPA institutions; AI-generated images NOT permitted; quarterly (Jan/Apr/Jul/Oct); Winter 2027 submission deadline Dec 1, 2026 (issue Jan 12, 2027)",3,Co-authored piece with a campus/school facilities team on frontline technician training: ties to Quinn Trade Schools and Facilities audiences. Pitch for Winter 2027 issue (Dec 1 deadline),"2026-07 (July issue; Fall issue due Oct 12, 2026)","guidelines, deadlines, ad rate, circulation: https://www.appa.org/fmmagazine (fetched 2026-10-09)",verified,97,44,ai-policy; exclusivity,,
HVAC Know It All podcast,https://www.hvacknowitall.com/,HVAC,paid,HVAC technicians; some business edition content,not found,"Podcast (Gary McCreadie), blog, app",not found,https://hvacknowitall.com/sponsor,Gary McCreadie (host),gary@hvacknowitall.com,sponsor pricing not found,"Run on sponsorship; sponsor list includes software vendor Jobber, so software sponsorship is accepted. No guest policy found; email host",3,Guest via email: a tech-trainer from a customer on onboarding new techs; sponsorship only if budgets allow,2026-10-06,"sponsors, topics: https://hvacknowitall.com/sponsor (fetched 2026-10-09) | contact email: https://hvacknowitall.com/contact-us (fetched 2026-10-09) | recency (Oct 6 2026 date on homepage): https://www.hvacknowitall.com/ (fetched 2026-10-09)",verified,98,44,,,
Construction Dive (opinion),https://www.constructiondive.com,Mechanical Contracting,free,"Construction industry executives (commercial/residential), covers labor, tech, safety","196,000 newsletter subscribers; 143,000 unique monthly visitors (per advertise page)",Opinion pieces (op-eds); news; Deep Dive; Playbooks/Trendline (sponsored),"average roughly 1,000 words",https://www.constructiondive.com/opinion/submit-opinion/,Editorial team,submission form on page; email obfuscated - see page,"Free (op-ed). Paid: content marketing/Playbooks via advertise page, pricing not found",Exclusive to Construction Dive; 30+ days exclusive rights after publication. Generative AI NOT permitted in writing op-eds (AI-generated rejected). Reserves right to reject promotional/biased pieces. Decision within 3 weeks or assume no. Parent: Informa TechTarget (Industry Dive),3,Op-ed on the construction/skilled-trades labor gap: 'Retention is a training problem' using White Knight attrition figures; written by a human with zero promotional framing,2026-10,guidelines: https://www.constructiondive.com/opinion/submit-opinion/ (fetched 2026-10-09) | audience numbers: https://www.constructiondive.com/advertise/ (fetched 2026-10-09) | recency: https://www.constructiondive.com (fetched 2026-10-09),verified,99,44,ai-policy; exclusivity,,Construction Dive (paid content marketing)
Texas Pest Control Association (TPCA),https://www.texaspest.org/advertising,Pest Control,paid,450+ Texas pest control member companies,450+ member companies (TPCA),"Monthly newsletter advertising, Business Expert Talks (free webinars), Pest Expert Talks, PestWorld Texas events, CEU workshops",not found,https://www.texaspest.org/advertising,not found,Phone (512) 954-9664; email obfuscated - see page,"Newsletter ad rates linked from page, not read",Free Business Expert Talks webinar series is open to all; speaker selection process not stated. Newsletter advertising is paid,3,Pitch a Business Expert Talk: onboarding and training systems for Texas pest operators; ad is the fallback,2026-10,advertising page: https://www.texaspest.org/advertising (fetched 2026-10-09) | expert talks and Oct 2026 events: https://www.texaspest.org/business-expert-talks (fetched 2026-10-09) | contact: https://www.texaspest.org (fetched 2026-10-09),verified,100,44,,,
R&R advertising and Sponsored Content (BNP Media),https://www.randrmagonline.com/advertise,Restoration,paid,"Restoration, remediation and claims professionals",Audience report on page (not read),"Sponsored content, webinars, eBlasts, InfoCenters, co-branded content, podcast sponsorship",not found,https://www.randrmagonline.com/advertise,Contact form; podcast sponsorship: Balzanod,help@randrmagonline.com; Balzanod@bnpmedia.com (podcast sponsorship),"not found (media kit download, rates not read)","Sponsored content labeled and 'non-commercial, objective'. Editorial calendar 2027 PDF published. BNP parent.",3,Webinar sponsorship featuring White Knight style case once editorial relationship exists.,2026-10,ad products: https://www.randrmagonline.com/advertise (fetched 2026-10-09) | rules and contacts: https://www.randrmagonline.com/contactus (fetched 2026-10-09) | podcast sponsor email: https://www.randrmagonline.com/media/podcasts (fetched 2026-10-09),verified,101,44,,,
Cleanfax advertising and Sponsored Content,https://cleanfax.com/advertise-with-us/,Restoration,paid,Cleaning and restoration decision-makers,"not found (media kit link on page, not read)","Sponsored content, ads, webinars, newsletters, video",not found,https://cleanfax.com/advertise-with-us/,not found,https://cleanfax.com/contact-us/,not found,ISSA parent. Cleanfax claims to be ONLY brand serving both floor care and restoration.,3,Sponsored webinar as backup to earned content.,2026-09,https://cleanfax.com/advertise-with-us/ (fetched 2026-10-09) | https://cleanfax.com/contact-us/ (fetched 2026-10-09),verified,102,44,,,
RIA sponsorship and year-round advertising,https://www.restorationindustry.org/ria-mission/sponsorship-year-round-advertising,Restoration,paid,"RIA members; 1,800+ professionals","1,800+ professionals","Convention sponsorship, exhibit, digital and print ads",not found,https://www.restorationindustry.org/ria-mission/sponsorship-year-round-advertising,"Amanda Bray, Industry Relations Manager",abray@restorationindustry.org; 856-437-4750,"not found (prospectus/media kit linked, not read)",Sponsor-driven; convention sessions themselves must be non-proprietary.,3,Exhibit/sponsor at April 2027 convention alongside speaking slot.,2026-10,https://www.restorationindustry.org/ria-mission/sponsorship-year-round-advertising (fetched 2026-10-09),verified,103,44,,,
Roofing Contractor - Webinars (BNP Events),https://www.roofingcontractor.com/events/category/2621-webinar,Roofing,paid,Roofing contractors,not found,"Sponsored webinars, on-demand",not found,https://www.bnpevents.com/webinars (listed on page; not read),Demi (BNP webinars contact; surname not shown),webinars@bnpmedia.com,Paid sponsorship; price not found,Sponsored (paid) webinars with lead capture; PARENT BNP Media.,3,Sponsored webinar: 'The 3-day training launch for roofing crews' - only if budget; otherwise use as lead-gen add-on after a free byline,2026-10,webinar sponsorship contact + current listings: https://www.roofingcontractor.com/events/category/2621-webinar (fetched 2026-10-09),verified,104,44,,,
Construction Dive - Opinion (Informa TechTarget),https://www.constructiondive.com/opinion/submit-opinion,Roofing,free,"General contractors, construction execs (not roofing-specific)",not found,Opinion pieces,not found (see editorial guidelines link on page),https://www.constructiondive.com/opinion/submit-opinion,not found,Online submission form on page,Free,Exclusive to Construction Dive; 30-day exclusivity; no previously published work; GENERATIVE AI PROHIBITED in writing op-eds (AI-generated submissions rejected); promotional/biased pieces rejected. Sibling Dive titles use same rules. PARENT Informa TechTarget (also parent-level link to IRE's Informa Markets).,3,"Op-ed on skilled-trades labor shortage and onboarding speed (human-written, no product pitch); roofing mention only as example",2026-07,submission rules incl. AI ban: https://www.constructiondive.com/opinion/submit-opinion (fetched 2026-10-09) | opinion page latest dates: https://www.constructiondive.com/opinion/ (fetched 2026-10-09),verified,105,44,ai-policy; exclusivity,,
RCAT - Roofing Contractors Association of Texas (Texas Roofing Conference),https://rcat.net/,Roofing,paid,Texas roofing and waterproofing contractors,not found,"Annual Texas Roofing Conference (Grapevine, Oct 21-23), membership programs",not found,not found,"not found on page read (search snippet: Sarah Ramon, executive director, 2024)",Contact page https://rcat.net/contact-us.html,Associate membership / exhibiting likely required; fees not found,No publication or speaker call found on pages read.,3,Ask about 2027 Texas Roofing Conference education slots; storm-season workforce ramp theme,2026-10,"home page, conference dates: https://rcat.net/ (fetched 2026-10-09) | contact: https://rcat.net/contact-us.html (fetched 2026-10-09)",verified,106,44,,,
ACTE Corporate Partnerships / Sponsorship / CTU & STEM SmartBrief ads,https://www.acteonline.org/partners/,Trade Schools,paid,CTE educators and administrators (ACTE members),not found,"Corporate membership, sponsor levels (Friend of ACTE, Patron, Champion), Techniques ads, newsletter ads, conference exhibits, Impact Awards",n/a,https://www.acteonline.org/partners/,Michael Wertz (SmartBrief ads for CTU/STEM SmartBrief); Lindsay Skender (Techniques ads),mwertz@smartbrief.com; advertisingsales@acteonline.org,Not found (rates in media kit PDF; text not readable),"Corporate Members get discounts on Techniques ads, member comms and exhibiting. CTU/STEM SmartBrief are run by SmartBrief (third party). Media kit: https://www.acteonline.org/wp-content/uploads/2026/04/2026-27_ACTE-Media-Kit.pdf (did not parse).",3,Second-move option: corporate membership to unlock sponsored webinar (CTE Learn) with a trade-school partner showing a 3-day course launch.,2026-10-07,partners/sponsor levels: https://www.acteonline.org/partners/ (fetched 2026-10-09) | SmartBrief newsletter ad contact: https://www.acteonline.org/publications/blogs/acte-newsletters-blogs/ (fetched 2026-10-09) | homepage events and recency: https://www.acteonline.org/ (fetched 2026-10-09),verified,107,44,,,
EHS Today (contributed articles),https://www.ehstoday.com/,Fire and Life Safety,free,"Environment, health and safety leaders at industrial, construction and facilities employers (safety/training managers)",not found,Contributed articles/columns; podcast (Great Question); webinars (sponsored); Workplace Safety Academy,"Generally 1,200-1,500 words",https://www.ehstoday.com/EHSToday-Contributor-Guidelines,"David Blanchard, Editor-in-Chief",obfuscated - see page,Free (earned). Webinars/advertising are paid via Advertise page (rates not found),"Abstract first preferred; content EXCLUSIVE to EHS Today (not even on author's own site); articles must be original, NOT created by AI; no product/service push, no company or product mentions, no promotional tone; editors reply within 2 weeks; backlinks to promotional sources removed. Parent: Endeavor Business Media (same parent as SecurityInfoWatch/Security Business; do not pitch same piece to siblings).",3,"Abstract: 'Training technicians on life-safety procedures when your best inspectors hold the knowledge in their heads' - SOP-to-practice training lessons, no company mention in body; cite White Knight only in bio/data if allowed by editors",2026-10-07,"guidelines/rules/contact: https://www.ehstoday.com/EHSToday-Contributor-Guidelines (fetched 2026-10-09) | parent Endeavor: https://www.ehstoday.com/about-us (fetched 2026-10-09) | recency (podcast Oct. 7, 2026): https://www.ehstoday.com/podcasts (fetched 2026-10-09)",verified,108,43,vendor-restricted; exclusivity,,
Learning Solutions (The Learning Guild),https://www.learningguild.com,"Adjacent (plumbing, electrical, home services, FSM, workforce, L&D)",free,"eLearning designers, developers, managers in enterprise, government and higher ed",not found,"Practitioner articles, case studies, lessons learned, tool reviews; conferences (Nov 2-6, 2026)","700-1,500 words",https://www.learningguild.com/articles/how-to-pitch-an-article-to-the-learning-solutions-editors,Learning Solutions editors (address obfuscated on page),obfuscated - see page,Free to authors and readers,"Pitch first (3 short paragraphs, under one page). Must be vendor-neutral, non-promotional, previously unpublished; 'not a blog' - no guest posts, no link trades, product placement rejected. Author needs a connection to eLearning as designer/developer/manager/exec. No AI policy on page read.",3,Practitioner pitch with a customer L&D owner: 'How a trades team converted SOPs into 226 courses without hiring trainers' as an eLearning design case study (SCORM/xAPI alongside existing LMS).,2026-10,pitch rules: https://www.learningguild.com/articles/how-to-pitch-an-article-to-the-learning-solutions-editors (fetched 2026-10-09) | recency: https://www.learningguild.com/ (fetched 2026-10-09),verified,109,42,vendor-restricted; ai-policy,,
"Electrical Contractor (ECmag, NECA)",https://www.ecmag.com,"Adjacent (plumbing, electrical, home services, FSM, workforce, L&D); Mechanical Contracting",free,"Electrical contractor owners, engineers, estimators, PMs, journeymen, apprentices",not found,not read,not found,not found,not found,not found,not found,ecmag.com returned HTTP 403; submission policy unread. Search snippet only says NECA publishes it.,4,Same angle as EC&M (training/safety knowledge transfer) once guidelines are retrieved.,not found,fetch attempt: https://www.ecmag.com/about-us (HTTP 403 on 2026-10-09),unverified,110,42,recency-unconfirmed,,Electrical Contractor Magazine (NECA)
Facility Executive (Group C Media; formerly Today's Facility Manager),https://facilityexecutive.com/,Facilities Maintenance; Building Automation,free,Facility executives,not found,"Magazine, website, podcasts, webinars (per search results only)",not found,not found,not found,not found,not found,"Could not read: site returned HTTP 403. Search result shows Facility Executive is the renamed Today's Facility Manager (same outlet), Group C Media, Red Bank NJ (from search snippet, not read). Guidelines, vendor policy, exclusivity unknown. Do not treat as resolved",4,Contact editor to ask about contributed content and podcast; pitch same vendor-neutral FM readiness article,not found,fetch status: https://www.facilityexecutive.com/ http-403 (fetched 2026-10-09) | https://facilityexecutive.com/about-the-magazine/ http-403 (fetched 2026-10-09),unverified,111,42,recency-unconfirmed,,Facility Executive
Pest in Class (FieldRoutes / ServiceTitan podcast),https://fieldroutes.com/resources/podcast,Pest Control,free,Pest control operators and ops leaders using or evaluating FieldRoutes,not found,"Interview podcast, about 30-36 min episodes, season format (about 10 episodes per season per a trade article)",about 30-36 min,not found,"Amanda Salvatore, ServiceTitan content specialist (host per search results, not on page read)",not found,Not found,"Vendor-owned show (FieldRoutes, a ServiceTitan company). Guests are customer operators; episode topics include SOPs and technician retention. Quinn builds FieldRoutes/ServiceTitan practice replicas, so co-marketing is plausible but a competing-vendor pitch is unlikely to be accepted. Page shows no episode dates",4,Joint episode with a mutual pest customer on 'Baking experience into SOPs' and technician ramp; position Quinn as complement to FieldRoutes workflows,not found,"episode list, no dates: https://fieldroutes.com/resources/podcast (fetched 2026-10-09) | podcast listing: https://www.fieldroutes.com/blog/best-pest-control-business-podcasts (Jul 22 2025, fetched 2026-10-09) | season/host from search results only",unverified,112,42,recency-unconfirmed,,
SkillsUSA TECHSPO / Industry Partner,https://www.skillsusa.org/support-skillsusa/exhibit-advertise/,Trade Schools,paid,"CTE students, educators at National Leadership & Skills Conference",Thousands of students and educators (per page),"Exhibit, advertise, industry partnership",n/a,https://www.skillsusa.org/support-skillsusa/exhibit-advertise/,not found,not found,Not found,TECHSPO is largest CTE trade show; partner levels at /become-an-industry-partner/.,3,Later-stage paid option; exhibit practice replica demos.,2026-01-27,exhibit/advertise: https://www.skillsusa.org/support-skillsusa/exhibit-advertise/ (fetched 2026-10-09),verified,113,42,,,
ATD (Association for Talent Development),https://www.td.org/,Trade Schools,free,Training and L&D professionals,not found,"Write for TD; magazine, blog, podcast",not found,https://www.td.org/write-for-td,not found,not found,Not found,"Fetch returned HTTP 429; not read. (Note: atd.org is American Truck Dealers, not this.) Likely AI/ vendor rules exist; check manually.",4,L&D audience adjacent to trades; pitch frontline training transfer from SOPs.,not found,rate limited: https://www.td.org/write-for-td (fetched 2026-10-09),unverified,114,42,recency-unconfirmed,,
SMRP (Society for Maintenance & Reliability Professionals),https://www.smrp.org/,Facilities Maintenance,paid,"Maintenance, reliability and physical asset management professionals",not found,"Annual Conference abstracts/workshops (2026: Sept 28-Oct 1, Raleigh), sponsorship/exhibit, media partners (Plant Services, Reliable Plant etc.)",not found,https://smrp.org/events/annual-conference/abstract-submission-process/,not found,https://smrp.org/contact/ (form); no editorial contact found,Speaking free (abstract); sponsorship/exhibit rates not found,"2026 abstract call CLOSED (Feb 27 to Mar 31, 2026); pitch for 2027. Focus: practical insights and real-world case studies. No AI policy found",3,2027 abstract: knowledge capture and competency-based readiness for maintenance techs with measurable ramp-time data,2026-10-05 (site modified; conference just held),abstract process: https://smrp.org/events/annual-conference/abstract-submission-process/ (fetched 2026-10-09) | media partners: https://smrp.org/about/partners/media-events-partners/ (fetched 2026-10-09),verified,115,41,ai-policy,,
Industry Today,https://industrytoday.com/,Industrial Automation,paid,"Executives, operations leaders, engineers and purchasing managers across manufacturing (about 75% US; opt-in subscribers)",not found (media kit by request),"Sponsored articles, Resource Center items (case studies, eBooks, research, infographics, press releases, videos, webinars), podcast, newsletters, independently authored byline content (media kit)",not found,https://industrytoday.com/content-submissions/,not found (spoeton@industrytoday.com shown in site header),editorialdesk@industrytoday.com (article outline pitch),"Paid placement is the main route (banners, dedicated emails, sponsored articles; rate card by request, not found). Free route: email outline to editorialdesk; guidelines sent if accepted",Pay-to-play flavored: lots of vendor/sponsored items; Resource Center case studies via submission forms; articles must not be submitted as press releases; strict SEO-oriented formatting or rejection; no AI policy found; has Industrial Automation and HR & the Workforce categories,3,Submit the White Knight case study to the Resource Center (free) and pitch the editorialdesk an 'Human Resources & the Workforce' outline on technician ramp time; consider podcast interview offer in media kit,2026-10-08,submissions: https://industrytoday.com/content-submissions/ (fetched 2026-10-09) | media kit: https://industrytoday.com/media-kit/ (fetched 2026-10-09) | about: https://industrytoday.com/about/ (fetched 2026-10-09) | recency: https://www.industrytoday.com/ (fetched 2026-10-09),verified,116,41,ai-policy,,
Turf Magazine (Group C Media),https://turfmagazine.com/,Landscaping,free,"Lawn care, landscape and tree care company owners",not found,"Features, 'The Yardstick' business-owner profile, press releases, editorial advisory board",not found,https://turfmagazine.com/want-to-be-featured-in-the-yardstick-business-profile,"Jessica Schwartz, Managing Editor (per search snippet of contact page)",form on Yardstick page; contact page returned http-403,Free (earned). Advertising: not found,"Pages returned http-403 to fetcher, details from search snippets only. Parent: Group C Media (acquired 2018 per 2019 editor's letter; current ownership unconfirmed). Red Bank NJ office, 732.842.7433 (snippet). Press release submission page exists. No AI or vendor policy found.",4,"Yardstick profile of a Quinn landscaping customer (owner-led growth story) or short expert column on 'drift between branches'; use White Knight: 446 employees, 226 courses, 97% participation, 96% completion, reported ~$1M/yr technician attrition cost reduction (meetquinn.ai/results/white-knight).",not found,"contact page: https://turfmagazine.com/contact-us/ (fetched 2026-10-09) (http-403, snippet only) | Yardstick: https://turfmagazine.com/want-to-be-featured-in-the-yardstick-business-profile (fetched 2026-10-09) (http-403)",unverified,117,41,ai-policy; recency-unconfirmed,,
Florida Roofing Magazine (FRSA),https://www.floridaroof.com/frm,Roofing,paid,"Florida roofing, sheet metal and air conditioning contractors; also HVAC overlap","Over 5,500 industry professionals monthly (site claim)","Member/staff-written articles, building code, legal, safety; ads",not found,not found,"Skip Heymann (ad contact, per search result, not read on page)",Contact via https://www.floridaroof.com (contact link on page),Advertising; rates in media kit (not found); 12x one-page color ad earns logo link,Content is by FRSA members and staff; outside vendors likely need membership/associate membership or paid ads. No submission guidelines found.,3,Associate-member article on onboarding in storm-surge hiring; or paid ad tied to FRSA convention,2026,2026 media kit page: https://www.floridaroof.com/news/media-kit (fetched 2026-10-09) | magazine page: https://www.floridaroof.com/frm (fetched 2026-10-09),verified,118,41,recency-unconfirmed,,
ASPE Pipeline (American Society of Plumbing Engineers),https://aspe.org/pipeline/,"Adjacent (plumbing, electrical, home services, FSM, workforce, L&D); Mechanical Contracting",free,Plumbing engineers and system designers,not found,"Technical articles, bios/headshot, web + biweekly e-newsletter",flexible; can run in parts,https://aspe.org/pipeline/article-submission-guidelines/,"Gretchen Pienta, Editor",gpienta@aspe.org,"Free; ASPE holds copyright, author keeps nonexclusive license","Must be nonproprietary; Word docs preferred; edited for style/grammar. Audience is design engineers, less aligned with service-company training managers.",2,Technical piece on codifying plumbing-code and install knowledge into training; low priority.,2026-09-24,guidelines and editor email: https://aspe.org/pipeline/article-submission-guidelines/ (fetched 2026-10-09) | recency: https://aspe.org/pipeline/ (fetched 2026-10-09),verified,119,39,,,ASPE Pipeline (plumbing engineers)
Pro Remodeler (Endeavor Business Media),https://www.proremodeler.com,"Adjacent (plumbing, electrical, home services, FSM, workforce, L&D)",free,Residential remodelers: design-build firms and home-improvement pros,"90,000+ businesses (site claim)","Articles, podcast, magazine, Women in Residential Construction event",not found,https://www.proremodeler.com/about-us,Editorial Director / Senior Editor (names not read; 'Contact an Editor' on site),https://www.proremodeler.com/contact-us,Free editorial; advertise page exists (price not found),Contributor guidelines not found; Endeavor sibling of EC&M and Contractor (use one per idea). Remodeling audience is only a partial fit.,2,Podcast guest: training/onboarding crews at remodeling companies.,2026-08-06,audience: https://www.proremodeler.com/about-us (fetched 2026-10-09) | podcast recency: https://www.proremodeler.com/podcasts (fetched 2026-10-09),verified,120,39,,,
National Skills Coalition,https://nationalskillscoalition.org,"Adjacent (plumbing, electrical, home services, FSM, workforce, L&D)",free,"Workforce policy advocates, employers, training providers","28,000 members (from search snippet; not on page read)","Policy publications, news, Skills Summit (Mar 3-5, 2027, Washington DC), Business Leaders United",not found,https://nationalskillscoalition.org/,not found,info@nationalskillscoalition.org,Free,No contributor guidelines found; policy-advocacy focus (Workforce Pell). Employer-voice routes via Business Leaders United.,2,Employer testimony/case for Workforce Pell-aligned skilled trades training.,2026-10-08,"contacts, summit: https://nationalskillscoalition.org/ (fetched 2026-10-09)",verified,121,39,,,
AFSA Sprinkler Age (American Fire Sprinkler Association),https://firesprinkler.org/,Fire and Life Safety,paid,"Merit-shop fire sprinkler contractors, suppliers, designers, AHJs, facility managers","1,500+ AFSA members; SprinklerAge Weekly NewsBrief 629 subscribers, 67% open rate; website 21,000 monthly visits; (search snippet: magazine circ 3,800+, unverified)","Newsletter ads, dedicated eblasts, website ads, audience extension, webinars, magazine; article submission rules not found",not found,https://mediakit.multiview.com/AFSA,not found,Request pricing form on media kit page,Paid (request pricing). Editorial/contribution route not found; firesprinkler.org returned 403 to the fetch tool so not read.,Dedicated eblast has 100% share of voice (no exclusivity conflict); no AI policy found.,4,Best first move: AFSA convention/seminar session call (search found a call for proposals) or sponsored webinar on technician ramp; then Sprinkler Age feature pitch via editor,2026-10 (media kit undated; not confirmed),media kit stats/ad options: https://mediakit.multiview.com/AFSA (fetched 2026-10-09) | magazine circ snippet (search only): https://firesprinkler.org/advertising/amp (http-403),unverified,122,39,ai-policy,,
Greenhouse Grower (Meister Media) - nursery adjacent,https://greenhousegrower.com/,Landscaping,free,Greenhouse and floriculture growers,not found,"Articles, webinars, podcasts, Top 100 Growers",not found,not found,"Kristin Zeit, Group Content Lead (email obfuscated - see page)","form on https://www.greenhousegrower.com/contact/; Meister Media, 4420 Sherwin Rd, Willoughby OH, 1-440-942-2000",Advertise page exists; rates not found,"Controlled-environment growers, a distant fit for landscape contractors. Parent: Meister Media Worldwide U.S. Horticulture Group (siblings include American Nurseryman? unconfirmed). Recent piece on AI in greenhouse business suggests AI appetite.",2,Low priority; only if nursery/growers become a target.,2026-07-21,about: https://www.greenhousegrower.com/about/ (fetched 2026-10-09) | contact: https://www.greenhousegrower.com/contact/ (fetched 2026-10-09),verified,123,39,,,
PestPac / WorkWave Blog,https://www.pestpac.com/blog,Pest Control,free,Pest control owners and ops leaders (software buyers),not found,"Vendor articles (M&A, AI and data, sales, CRM), webinars, case studies, eBooks",not found,not found,not found,"https://www.pestpac.com/contact-us (form, general)",Not found,Company-authored blog; no guest-post policy found. Software vendor (competitor-adjacent to ServiceTitan/FieldRoutes ecosystem); likely only partner/co-marketing. Newest visible posts March 2026,2,Only via a partnership: co-authored piece on AI-driven training on top of PestPac data,2026-03-13,blog listing with dates: https://www.pestpac.com/blog (fetched 2026-10-09),verified,124,39,,,
NAFED (National Association of Fire Equipment Distributors),https://www.nafed.org/,Fire and Life Safety,paid,"Fire equipment distributors and service companies (extinguishers, kitchen suppression, alarms, sprinklers); founded 1963",not found,"Association magazine, Knowledge Center, annual conference (details not found)",not found,not found,not found,not found,not found,"nafed.org disallowed by robots.txt; not read. Association mission includes technical competence of members, a direct training fit.",4,Conference session/sponsorship: scaling technician competency at service-heavy fire equipment shops,not found,"robots.txt blocked: https://www.nafed.org (robots-disallowed (fetched 2026-10-09)) | background only: search results, not fetched",unverified,125,37,recency-unconfirmed,,
Fire Engineering,https://www.fireengineering.com/submissions/,Fire and Life Safety,free,"Fire service (responders, training officers), not fire protection contractors",not found,"Web features (training/tactical), columns, letters","Features at least 2,000 words (per page snippet)",https://www.fireengineering.com/submissions/,not found,email submission (address not read),Free; Advertise link exists,Material must be exclusive to Fire Engineering (do not submit elsewhere online); copyright must be signed over to publisher; responder/tactical focus - poor fit for contractor technicians. AI policy not found.,2,Low priority; only if pitching training-officer content,2026-10-05,guidelines/rules: https://www.fireengineering.com/submissions/ (fetched 2026-10-09),verified,126,37,exclusivity,,
ISA InTech / Automation.com (International Society of Automation),https://www.isa.org/intech-home,Industrial Automation,free,"Industrial automation professionals (ISA claims 132,000+ automation people)","132,000+ (ISA claim on guidelines page)","InTech features (digital magazine on Automation.com), columns, blog posts (ISA Interchange migrating to Automation.com), Automation.com bylined features","Features 1,800-2,000 words; columns up to 750 words (InTech); Automation.com features 500-1,500 words (search snippet, page 403)",https://www.isa.org/intech-home/editorial-guidelines,"Renee Bassett, Chief Editor",rbassett@isa.org (listed on guidelines page); 919-990-9250,Free (contributed); sponsorship/advertising via Automation.com and ISA sponsorship pages (not read),"STRICT NO COMMERCIALISM: no product endorsements; no references to company products/services or exclusive positions; one trade-name mention allowed; company name beside author only. AI POLICY: ISA prohibits entering ISA IP into AI tools; footer reserves text/data-mining and AI-training rights. Automation.com submit-content page and ISA Interchange blog guidelines returned HTTP 403 (not read). Requires 3 bullet summary, TOC teaser, bio, reader email, separate images",3,"1,800-word InTech feature on the training side of automation: 'Why controls and maintenance technicians take years to ramp and what standards-based, SOP-driven training changes' - no Quinn product mention, use anonymized operator metrics only (94% completion, ~40% faster ramp as benchmarks with caveat)",2026 (InTech footer 2026; specific issue date not seen),guidelines: https://www.isa.org/intech-home/editorial-guidelines (fetched 2026-10-09) | Automation.com submit-content: STATUS=http-403 https://www.automation.com/submit-content (fetched 2026-10-09) | blog guidelines: STATUS=http-403 https://blog.isa.org/isa-interchange-blog-article-submission-guidelines (fetched 2026-10-09),verified,127,37,vendor-restricted; ai-policy; exclusivity; recency-unconfirmed,,
AccuLynx blog (roofing software vendor),https://acculynx.com/blog,Roofing,free,Roofing contractors,not found,"Vendor blog, 'AccuLynx on the Roof' podcast (per search result)",not found,not found,not found,not found,not found,No guest-post program found; appears in-house written (search result). Vendor-controlled content; partner/integration route more realistic. Blog page's latest date seen is a 2026-04-28 modified time only.,2,Integration/partner co-marketing rather than guest post,2026-04,blog index: https://acculynx.com/blog (fetched 2026-10-09),verified,128,37,,,
JobNimbus blog (roofing software vendor),https://www.jobnimbus.com/blog,Roofing,free,Roofing and contractor businesses,not found,"Vendor blog, podcast references",not found,not found,not found,not found,not found,No guest-post program found on page read; in-house authors per search result. Partner route more realistic.,2,Co-marketing/integration content rather than guest post,2026-10-05,blog posts dated Oct 5 2026: https://www.jobnimbus.com/blog (fetched 2026-10-09),verified,129,37,,,
ACTE CTE Policy Watch Blog,https://www.acteonline.org/cte-policy-watch/,Trade Schools,free,"CTE advocates, state/federal policy staff, administrators",not found,Staff-written policy blog posts,not found,not found,not found,not found,Free (earned/ quoted only),"Posts are staff-authored (e.g., Election Watch posted 10/07/2026); no contributor guidelines found. Use as expert-source/ monitoring channel, not byline target.",2,"Offer ACTE policy staff data on how Workforce Pell and short-term credential programs can use AI-driven competency tracking (use only Quinn benchmarks, labeled as such).",2026-10-07,blog page and recent post date: https://www.acteonline.org/cte-policy-watch/ (fetched 2026-10-09),verified,130,37,,,
THE Journal,https://thejournal.com/,Trade Schools,free,"K-12 district/school administrators, technologists",not found,"News, features, opinion pieces, newsletters, sponsored content (labeled)",not found,https://thejournal.com/pages/about-the-journal.aspx,not found,not found,Not found (ads at converge360.com/pages/advertising/the.aspx),K-12 focus; editorial independent of advertisers; sponsored content labeled. No contributor guidelines found (earlier PR-guidelines URL returned 404). Sibling of Campus Technology (Converge360).,2,Low priority: CTE/ high-school trades pathway angle only.,2026-10-08,about page: https://thejournal.com/pages/about-the-journal.aspx (fetched 2026-10-09) | recency: https://thejournal.com/ (fetched 2026-10-09),verified,131,37,,,
ACCT Podcast,https://www.acct.org/publications-media/podcast,Trade Schools,free,Community college trustees and leaders,not found,Interview podcast,not found,not found,not found,not found,Not found,"No guest-pitch process found. Newest episode dated Oct 24, 2025 (near 12-month cutoff).",2,Suggest an episode on employer-college partnerships for trades.,2025-10-24,podcast page: https://www.acct.org/publications-media/podcast (fetched 2026-10-09),verified,132,37,,,
Memoori (smart building research),https://www.memoori.com/,Building Automation,free,"Smart-building technology investors, vendors, analysts",not found,"Analyst articles, research reports, advisory, newsletter",not found,https://memoori.com/about-us/,"James McHale, CEO",obfuscated - see page ([email protected] on about page),not found,"No contributor or guest-post program found; independent analyst company with paid research and advisory; best approached for expert quotes or briefings, not bylines; no AI policy found",2,Briefing/expert-quote angle: workforce readiness as the missing layer in smart-building ROI (Memoori runs 'Smart Building ROI' coverage); offer Quinn benchmark (~40% faster ramp) as data,2026-10-09,about: https://memoori.com/about-us/ (fetched 2026-10-09) | recency: https://www.memoori.com/ (fetched 2026-10-09),verified,133,36,ai-policy,,
HVAC & Refrigeration Insider (hvacinsider.com),https://hvacinsider.com/,HVAC,free,HVACR industry nationally; sister site ACprosite.com (Florida),not found,"News, press releases, events, Submitted Topics",not found,https://hvacinsider.com/about/,not found,https://hvacinsider.com/contact-us/,Free news posting apparent; ad rates PDF on advertising page,"Owner states 'share your news and events'; site is being 'revitalized' under JRAE Services, Inc. Same owner runs ACprosite.com. Press-release style, low prestige",2,Distribute a customer-results press release (White Knight) for syndication,2026,about/revitalization: https://hvacinsider.com/about/ (fetched 2026-10-09) | advertising: https://hvacinsider.com/advertising/ (fetched 2026-10-09) | homepage items 2026: https://hvacinsider.com/ (fetched 2026-10-09) | sister site: https://acprosite.com/ (fetched 2026-10-09),verified,134,36,recency-unconfirmed,,
United Association (UA) training,https://www.ua.org,Mechanical Contracting,free,"Union plumbers, pipefitters, HVACR service techs, apprentices; training directors",not found,not found,not found,not found,not found,not found,not found,"blocked-by-network-policy; apprenticeship/training angle remains strategically valuable (training directors, JATCs)",4,Pursue via UA/MCAA training-director channels; not assessed,not found,blocked: https://www.ua.org (fetched 2026-10-09),blocked-by-network-policy,135,36,blocked; recency-unconfirmed,,
EdSurge - Contribute (Voices),https://www.edsurge.com/submission-guidelines,Trade Schools,free,"Educators, school and district administrators, edtech buyers (K-12 and early childhood focus)",not found,Narrative essays and evidence-based opinion by practicing educators,"Under 1,200 words",https://www.edsurge.com/submission-guidelines,not found,voices@edsurge.com,Free,Wants practicing educators; declines marketing-like pieces and writers with company/product conflicts of interest. AI POLICY: contributors sign agreement that work is human-written; any AI assistance must be disclosed at pitch; AI-written submissions rejected. K-12 / early childhood scope is a weak fit for trades employers; best via a school partner (CTE teacher) as author.,2,Do not byline a founder; supply data to a CTE instructor partner who pitches a first-person essay on AI practice labs in a trades program.,2026-10,guidelines and AI policy: https://www.edsurge.com/submission-guidelines (fetched 2026-10-09) | recent articles: https://www.edsurge.com/ (fetched 2026-10-09),verified,136,36,ai-policy,,
NFPA Conference & Expo,https://www.nfpa.org/conference,Fire and Life Safety,free,"Fire, electrical and life safety professionals; 130+ sessions, ~420 exhibitors (event coverage)",not found,"Conference education sessions, expo; speaker call details not found",not found,not found,not found,not found,Speaker route free if accepted; exhibiting is paid (rates not found),2026 event was June 22-24 Las Vegas (per trade press); call for proposals for next event not found. Check nfpa.org/conference for 2027 session call.,3,Education session proposal: training technicians to inspect/test/maintain at scale (White Knight case),2026-06,"event dates/size from search coverage: https://internationalfireandsafetyjournal.com/nfpa-las-vegas-expo-2026/ (search result, not fetched) | https://www.securitysales.com/news/nfpa-2026-conference-expo/617915/ (search result, not fetched)",unverified,137,35,,,
Restoration Rundown Podcast,https://rephonic.com/podcasts/restoration-rundown-podcast,Restoration,free,Restoration company owners (marketing/management),not found,Twice-monthly interviews; host Benjamin Ricciardi (agency owner),20-40 min,not found,Benjamin Ricciardi (host),not found,not found,"Read only a third-party listing (Rephonic), not the show's own page. Agency-hosted; guests include software vendors (Elkmont, Justified).",3,Guest on AI in restoration training/ops.,2026-09-18,episode list: https://rephonic.com/podcasts/restoration-rundown-podcast (fetched 2026-10-09),unverified,138,35,,,
IIBEC Interface (formerly RCI Interface) technical journal,https://iibec.org/hub/interface/,Roofing,free,"Roof/building-enclosure consultants, architects, engineers, specifiers; 15,000+ email subscribers (IIBEC advertising page)","Published 9x/year; free to members; 2,000 print copies of The Guide (separate product)",Peer-reviewed technical papers; Sponsored Content one-page (paid),"not found (2016 call said 2,000-3,000 words; old, unverified)",https://iibec.org/wp-content/uploads/2021-Interface-Authors-Submittal-Guide.pdf (could not fetch; timeout),Arissa Cooper (Director of Marketing & Sales),acooper@iibec.org; submission form on Interface page,"Technical papers free; advertising packages roughly $750-$4,950; sponsored article/email paid","Peer review required; technical, non-promotional. Low fit for training/ops content. RCI is now IIBEC.",2,"Only if a technical-training angle fits upcoming themes (steep-slope metal roofing, Mar/Apr 2027, peer review deadline Oct 15, 2026); otherwise skip",2026-09-30,"journal page, editorial calendar, contact: https://iibec.org/hub/interface/ (fetched 2026-10-09) | advertising packages: https://iibec.org/advertising-opportunities/ (fetched 2026-10-09)",verified,139,35,vendor-restricted,,
eLearning Industry,https://elearningindustry.com,"Adjacent (plumbing, electrical, home services, FSM, workforce, L&D)",paid,"eLearning professionals and corporate training buyers (L&D, HR tech)","Claims 936,000+ monthly visitors (site's own figure)","Sponsored/original articles, republished articles, case studies, sponsored Q&A, premium content strategy; directory listings",not found,https://elearningindustry.com/advertise/categories/articles,not found,contact email obfuscated - see page (about-us),"Original article $788-$1,099; republished article $788-$1,099; original case study $1,299; republished case study $1,299; sponsored Q&A $1,328-$1,999; premium content strategy $12,000 (listed pricing 'based on quantity')","Paid vendor channel: links no-follow; /write-for-us returns 404 so no free guest-post page found. Pay-to-play content is labeled corporate content; value mainly SEO/awareness among L&D buyers, not trade owners. AI policy not found.",2,"Only if budget allows: republished White Knight case study ($1,299) to reach L&D tool buyers; low priority for trades-owner reach.",2026-10,"pricing, audience: https://elearningindustry.com/advertise/categories/articles (fetched 2026-10-09) | about, traffic claim: https://elearningindustry.com/about-us (fetched 2026-10-09) | write-for-us 404: https://elearningindustry.com/write-for-us (fetched 2026-10-09)",verified,140,34,,,
BOMA International (BOMA/BOMI newsletters and publications),https://www.boma.org/,Facilities Maintenance,paid,Commercial real estate owners and property/building managers,not found,"Newsletter and web advertising (BOMA & BOMI Weekly, Industrial, Medical), e-publications, conference sponsorship/exhibit",not found,https://boma.org/advertise-with-us/,not found,obfuscated - see page (ad sales emails on https://boma.org/advertise-with-us/),Rates in media kits (PDF not read); paid only,No editorial/contributor guidelines found; BOMA Magazine page not located (do not assume it exists). Association members first,2,Sponsored newsletter or conference presence aimed at property managers; weaker fit than FM titles,2026-10-07 (site modified),advertise: https://boma.org/advertise-with-us/ (fetched 2026-10-09) | recency: https://www.boma.org/ (fetched 2026-10-09),verified,141,34,,,
"Nexstar Network (blog, Super Meeting)",https://www.nexstarnetwork.com/,HVAC,paid,Member-owned peer network for residential plumbing/HVAC/electrical owners,'more than 800' peers; 40+ coaches (site),"Coach-authored blog, Super Meeting (Sept 15-18 2026), NexTech Academy courses",not found,https://www.nexstarnetwork.com/blog,not found,https://www.nexstarnetwork.com/contact,not found,"Blog written by Nexstar coaches; no guest policy found. Member-owned: NexTech Academy competes with Quinn-style training, so approach as partner/integration not content; not affiliated with Nexstar Media Group",2,Partnership/vendor-alliance conversation rather than byline,2026-09,about: https://www.nexstarnetwork.com/about (fetched 2026-10-09) | event: https://www.nexstarnetwork.com/super-meeting (fetched 2026-10-09) | blog: https://www.nexstarnetwork.com/blog (fetched 2026-10-09) | home: https://www.nexstarnetwork.com/ (fetched 2026-10-09),verified,142,34,,,
Podomation (ISA podcast),https://www.isa.org/about-isa/podomation,Industrial Automation,paid,Automation and OT cybersecurity professionals,not found,Podcast (studio and live-at-event episodes),not found,not found,not found (ISA communications; media@isa.org for interview requests),podomation@isa.org (advertising inquiries); media@isa.org (interview requests/news),Advertising route listed (rate not found); guest route appears invited-expert only (no public guest form found),"Guests are ISA-invited subject experts; page lists advertising contact, no guest pitch process. ISA AI-IP notice applies. Heavy OT-cybersecurity focus, weaker fit",2,"Low priority; if ISA relationship develops via InTech, offer a workforce-readiness episode (training for OT/controls technicians)",2026-06,podcast page: https://www.isa.org/about-isa/podomation (fetched 2026-10-09) | media contacts: https://www.isa.org/about-isa/media-resources (fetched 2026-10-09),verified,143,34,,,
SkillsUSA Podcast,https://www.skillsusa.org/resources/news-room/podcasts/,Trade Schools,free,CTE students and advisors (instructors),not found,"Podcast interviews, speeches, tips",not found,not found,not found,not found,Not found,Aimed at students/advisors; no guest process found; 2026 mentions on page but no episode date read.,2,Employer-voice segment: what trades employers want in new hires.,2026,podcast page: https://www.skillsusa.org/resources/news-room/podcasts/ (fetched 2026-10-09),verified,144,34,recency-unconfirmed,,
ASHRAE Journal,https://www.ashrae.org/technical-resources/ashrae-journal,Mechanical Contracting; Building Automation,free,HVAC&R engineers and professionals (ASHRAE members),not found,"Technical features (peer-reviewed), editorials, news/product info, letters, podcast","not found on page read (search summary says ~3,000 words; unverified)",https://www.ashrae.org/technical-resources/ashrae-journal/submission-guidelines-for-ashrae-journal,Editor,letters@ashrae.org (letters); submission portal via guidelines page,Free,"Site-wide AI policy: prohibits entering ASHRAE content/IP into any AI tool or creating AI derivative works without written permission. Commercial/vendor-promotional content not accepted (per search summary of guidelines, page body not rendered in fetch). Technical audience, low ops/training fit",2,"Low priority: non-commercial piece on competency training for HVAC&R commissioning/service techs, only with a technical co-author",not found,journal page/AI policy/submit editorial: https://www.ashrae.org/technical-resources/ashrae-journal (fetched 2026-10-09) | guidelines page (body not rendered): https://www.ashrae.org/technical-resources/ashrae-journal/submission-guidelines-for-ashrae-journal (fetched 2026-10-09),verified,145,33,ai-policy; recency-unconfirmed,,
Fire Protection Engineering (SFPE),https://www.sfpe.org/publications/periodicals/fpemagazine,Fire and Life Safety,free,Fire protection engineers and allied professionals (SFPE members),not found,"Features, short features and case studies, news releases; FPE eXTRA","Full features ~3,000 words; short features/detailed case studies ~2,000; short case studies ~500",https://www.sfpe.org/publications/periodicals/fpemagazine,Technical Editor (name not shown on page; jreichert@sfpe.org listed),jreichert@sfpe.org; info@sfpe.org,"Free (contributed). Advertising Opportunities page exists, rates not found",Free of commercial bias; must cite authoritative references; editorial board review; follows SFPE style sheet. Audience is engineers not field technicians; weak buyer fit. No AI policy stated.,2,Short case study (500 words) on documenting ITM/inspection competency and training for designers/engineers; low priority,2026,guidelines/contact/recency (2026 FPE reports): https://www.sfpe.org/publications/periodicals/fpemagazine (fetched 2026-10-09),verified,146,33,ai-policy; recency-unconfirmed,,
SME - Manufacturing Engineering magazine / AdvancedManufacturing.org,https://www.sme.org/smemedia/sme-media/,Industrial Automation,free,"Manufacturing engineers/managers (aerospace, auto, medical, energy)",not found,"Magazine, industry reports, webinars, white papers, technical papers; conference speaker opportunities",not found,https://www.sme.org/events-home/speaking-opportunities/,not found,Speaker interest form on speaking-opportunities page; SME Media contacts page referenced but not read,Free to apply to speak; sponsorship/advertising rates not found,"No public contributor guidelines for the magazine found; speaker-form route read. Magazine focus is parts-making/advanced manufacturing, not maintenance or controls training; low fit. No AI policy found",2,"Speaker proposal at an SME event on workforce readiness/technician ramp (training track), not a magazine byline",not found,media page: https://www.sme.org/smemedia/sme-media/ (fetched 2026-10-09) | speaking: https://www.sme.org/events-home/speaking-opportunities/ (fetched 2026-10-09),verified,147,33,ai-policy; recency-unconfirmed,,
Claims Journal (bylined articles),https://www.claimsjournal.com/,Restoration,free,Insurance claims professionals (carrier/adjuster side; indirect for restoration),not found,"Bylined articles, expert viewpoints","1,000-1,500 words",https://www.claimsjournal.com/submission-guidelines/,Jim Sams,editorial@claimsjournal.com; (619) 584-1100 x121,Free,No product/company promotion; author may not mention company or product anywhere; third-person; EXCLUSIVE to Claims Journal; copyright reserved by publisher. Sibling: Insurance Journal (same family). Weak fit for Quinn buyers.,2,Neutral workforce-readiness piece on carrier-program contractor consistency (no company mention).,2026-10,guidelines: https://www.claimsjournal.com/submission-guidelines/ (fetched 2026-10-09) | recent content: https://www.claimsjournal.com/ (fetched 2026-10-09),verified,148,33,vendor-restricted; exclusivity,,
TD magazine (ATD - Association for Talent Development),https://www.td.org/magazines/td-magazine,"Industrial Automation; Adjacent (plumbing, electrical, home services, FSM, workforce, L&D)",free,Corporate learning and talent development professionals,not found,"TD magazine bylined features (bimonthly), TD at Work guides, blog",not found (guidelines request 100-200 word overview or 1-page outline),https://www.td.org/td-magazine-submission-guidelines,not found (magazine contacts page not read),not found,Free,"td.org returned HTTP 429 - not read. Per search snippet: no unsolicited manuscripts, query editor first with 100-200 word overview. Audience is L&D buyers (not trades), useful for credibility but vendor content likely restricted - verify",3,Query for a case-study feature: how a 446-person trades workforce hit 96% course completion; L&D audience cares about completion and ramp metrics,not found,guidelines: STATUS=http-429 https://www.td.org/td-magazine-submission-guidelines (fetched 2026-10-09) | search snippet only: https://www.td.org/td-magazine-submission-guidelines,unverified,149,32,recency-unconfirmed,,TD Magazine (ATD - Association for Talent Development)
AFE (Association for Facilities Engineering),https://www.afe.org/,Facilities Maintenance,free,Plant and facilities engineers,not found,not found,not found,not found,not found,not found,not found,Blocked: HTTP 403 on fetch; nothing read,3,Check Plant Engineering/AFE magazine contributor route manually,not found,fetch: https://www.afe.org/ http-403 (fetched 2026-10-09),unverified,150,32,recency-unconfirmed,,
NFPA Journal,https://www.nfpa.org/news-blogs-and-articles/nfpa-journal,Fire and Life Safety,free,"Fire and life safety professionals, NFPA members, code officials",not found (older source says distributed to NFPA members),"Features, news, technical articles (online magazine)",not found,not found,"not found (older 2017 masthead cited Scott Sutherland, Executive Editor; unverified)",not found,not found,Page returned only a meta description (no readable text); no public submission guidelines found. Pitch via NFPA media/editorial contact after confirming.,3,Expert source/byline idea: competency-based technician training for NFPA 25/72 ITM; confirm editorial route first,not found,"page fetched, no body text: https://www.nfpa.org/news-blogs-and-articles/nfpa-journal (fetched 2026-10-09) | description and no guidelines found: https://www.nfpa.org/news-blogs-and-articles/nfpa-journal (fetched 2026-10-09)",unverified,151,32,recency-unconfirmed,,
HARDI (HVACR distributors),https://www.hardinet.org/,HVAC,paid,HVACR wholesale distributors,not found,"Reports, events, 2026 Sponsorship Guide (PDF not read), posts",not found,https://www.hardinet.org/events,not found,not found,not found (sponsorship guide PDF),Member association; distributor audience; no contributor channel found. Page offers AI policy templates for distributors,2,Distributor-branch training angle only,2026-09,about/events/AI templates: https://www.hardinet.org/ (fetched 2026-10-09) | events: https://www.hardinet.org/events (fetched 2026-10-09),verified,152,32,,,
Manufacturing.net,https://www.manufacturing.net/,Industrial Automation,free,Manufacturing professionals,not found,Contributed articles/opinion (per search snippet),"Up to 1,000 words (search snippet, not read)",https://www.manufacturing.net/page/mnet-about-us,not found,not found,Free,"Site returned HTTP 403 - not read. Search snippet says it reviews contributions from experts, 1,000-word cap, byline needs name/title/affiliation. Parent not verified (likely Endeavor sibling of IndustryWeek - unconfirmed; avoid duplicate pitching)",3,"Short 1,000-word op-ed on technician tribal knowledge, only after IndustryWeek decision to avoid exclusivity conflict",not found,about-us: STATUS=http-403 https://www.manufacturing.net/page/mnet-about-us (fetched 2026-10-09) | search snippet only: https://www.manufacturing.net/page/mnet-about-us,unverified,153,32,recency-unconfirmed,,
Total Landscape Care,https://www.totallandscapecare.com/,Landscaping,free,Professional landscape contractors,not found,"Editor 'Insights' columns, business, technology, workforce management articles",not found,not found,Jack Roberts named as editor in a search result (older article); current editor not found,not found,not found,"http-403 on all pages; nothing read. Founded 2006; a 2010 release names Fusable (Randall-Reilly sister brand) as publisher, current parent unconfirmed. No evidence of contributed-article program.",3,Workforce-management column pitch: faster ramp for seasonal crews (Quinn benchmark ~40%).,not found,about: https://www.totallandscapecare.com/home/article/15034632/about-total-landscape-care (fetched 2026-10-09) (http-403) | ownership snippet: https://fusable.com/?p=1385 (search result),unverified,154,32,recency-unconfirmed,,
Green Industry Pros (GreenIndustryPros.com),https://www.greenindustrypros.com/,Landscaping,free,"Landscape, lawn and garden maintenance, outdoor power equipment professionals",not found,"News, equipment reviews, business management",not found,not found,not found,not found,not found,"http-403 on homepage, about, contact, advertise pages; parent not confirmed. Described by Service Autopilot (vendor blog) as a leading lawn care media brand.",3,Business-management guest article on training consistency across branches.,not found,homepage: https://www.greenindustrypros.com/ (fetched 2026-10-09) (http-403) | description: https://www.serviceautopilot.com/lawn-care/lawn-care-magazines/ (fetched 2026-10-09),unverified,155,32,recency-unconfirmed,,
Toolbox for the Trades (ServiceTitan podcast),https://servicetitan.com/blog/best-roofing-podcasts,Roofing,free,Roofers and home-service owners,182 episodes (as of ServiceTitan page),Interview podcast,not found,not found,"Jackie Aubel (host, per page)",not found,not found,Vendor-run (ServiceTitan; Quinn builds practice replicas of ServiceTitan - relationship/partner conflict to check). Page not a submission page; just confirms the podcast exists.,3,Guest spot on training for ServiceTitan-run roofing shops,2026,podcast listing (ServiceTitan blog): https://servicetitan.com/blog/best-roofing-podcasts (fetched 2026-10-09),unverified,156,32,recency-unconfirmed,,
AACC 21st-Century Center,https://www.aacc21stcenturycenter.org/?p=98,Trade Schools,free,Community college leaders,not found,"Short opinion/blog posts, program profiles",450-600 words (per search snippet only),https://www.aacc21stcenturycenter.org/?p=98,not found,not found,Free (unconfirmed),"Page returned no text to the fetcher; guideline details (six subject areas incl. Skills Gap, Completion; polished practical tone) come from a web search snippet, not read by me. Treat as unverified.",3,450-600 word Skills Gap piece on how employers' SOP training can feed community college trades curriculum.,not found,page (empty on fetch): https://www.aacc21stcenturycenter.org/?p=98 (fetched 2026-10-09),unverified,157,32,recency-unconfirmed,,
UPCEA Blogs / Corporate Member Blog Series,https://upcea.edu/blogs/,Trade Schools,paid,Online and continuing-education leaders at universities,not found,"Member blog posts, corporate member blog series",not found,not found,not found,not found,Corporate membership required (cost not found),Corporate-member content channel; no public guidelines read.,2,Corporate member post on workforce credential partnerships; membership cost to be checked.,2026-09-17,blogs page: https://upcea.edu/blogs/ (fetched 2026-10-09),verified,158,32,,,
Realcomm | IBcon (Realcomm Webinars and conferences),https://www.realcomm.com/,Building Automation,paid,"Commercial/corporate real-estate owners, CIO/proptech, smart-building and OT/IT leaders",not found,"Conference sessions (IBcon 2027), webinars, CIO and Prop Tech forums, Realcomm Live, sponsorship",not found,https://www.realcomm.com/webinars/speaking/,"Manager, Webinars (name not found); sponsorship contact lwoods@realcomm.com","ithompson@realcomm.com (webinar deliverables, listed on page); lwoods@realcomm.com (webinar sponsorship, listed on page)",Sponsorship/exhibitor pricing not found (prospectus PDFs exist; not read),"Speaker proposal calls for IBcon historically close in spring (2025 call closed 2025-04-18 per search listing, not read from site); webinars are sponsor-driven; no AI policy found; audience is CRE rather than trades ops (low fit); smart-building focus",2,"Webinar/IBcon session: 'From smart-building data to people readiness' - tying building-ops staff training to the AI-ops theme (webinar 'From Smart Building Data to Scalable Operational Action', 2026-11-19)",2026-10,webinar speaker page: https://www.realcomm.com/webinars/speaking/ (fetched 2026-10-09) | upcoming schedule (webinars 2026-10-15 to 2026-12-03): https://www.realcomm.com/ (fetched 2026-10-09),verified,159,31,ai-policy,,
CECU (Career Education Colleges and Universities),https://www.cecu.edu/,Trade Schools,paid,"Career college leaders, trade and technical school owners",not found,"Association events, convention sponsorship/exhibits, newsletters",n/a,not found,not found,not found,Not found,Domain blocked by network policy; CER is CECU-owned (see CER row). Convention highlights page 2026 exists on CER site.,4,"After CER byline, pursue CECU convention session or sponsor spot.",not found,blocked: https://www.cecu.edu/ (fetched 2026-10-09),blocked-by-network-policy,160,31,blocked; recency-unconfirmed,,
"Equip Exposition (OPEI), Oct 20-23, 2026",https://www.equipexposition.com/,Landscaping,paid,"Landscape contractors, outdoor power equipment dealers","nearly 30,000 attendees in 2025 (search result)","Contractor education, Equip Academy, Dealer Boot Camp, exhibits",not found,not found,not found,not found,Exhibitor application: cost not found,"No speaker call found; education appears curated (Davey Institute, Academy Trained trainers). Events/awards route is mainly paid exhibiting. Successor to GIE+EXPO (verify).",3,Exhibit or sponsor Equip Academy; lead with training-for-crews demo.,2026-10-09,home page: https://www.equipexposition.com/ (fetched 2026-10-09) | attendance: compactequip.com Equip Expo article (search result),unverified,161,30,,,
"ACTE Events (CareerTech VISION, Postsecondary CTE Summit, Work-Based Learning Conf., National Policy Seminar)",https://www.acteonline.org/events-calendar/,Trade Schools,paid,"CTE educators, postsecondary CTE leaders, administrators",not found,"Conference sessions, exhibits, sponsorships",n/a,not found,not found,not found,Not found (speaker call/exhibit terms not read),"Upcoming: National Policy Seminar Mar 7-10 2027 (Arlington VA); Region V Apr 7-9 2027; Work-Based Learning Conference Apr 28-30 2027 (Oklahoma City). CareerTech VISION 2026 (New Orleans, ACTE's 100th) is imminent. Session proposal calls were not verified.",3,Submit a Work-Based Learning Conference session with an employer/school partner: converting trade-company SOPs into apprentice courses.,2026-10-09,upcoming events list: https://www.acteonline.org/ (fetched 2026-10-09),unverified,162,30,,,
Maintenance Technology (mtonline.com),https://www.mtonline.com/,Facilities Maintenance,free,Maintenance and reliability professionals in plants,not found,not found,not found,not found,not found,not found,not found,Pages returned no readable text (JavaScript/empty); guidelines not found. Search found only an old third-party description. No vendor/AI policy known,3,Ask editor about contributed reliability/training articles,not found,fetch: https://www.mtonline.com/ and https://www.mtonline.com/about-us returned no text (fetched 2026-10-09),unverified,163,28,vendor-restricted; recency-unconfirmed,,
Housecall Pro podcast and Tradewire newsletter,https://www.housecallpro.com/podcasts/,"Adjacent (plumbing, electrical, home services, FSM, workforce, L&D)",free,Small home-service business owners,not found,Customer-spotlight podcast; Tradewire newsletter,not found,https://www.housecallpro.com/about/tradewire/,not found,https://www.housecallpro.com/contact-us/,Free,Competitor-owned FSM vendor; podcast guests are Housecall Pro customers; no outside-guest policy found; podcast page last modified 2025-06 (newest episode date not found). Tradewire active 2026.,2,Low priority; customer-guest route only.,2026-04,podcast: https://www.housecallpro.com/podcasts/ (fetched 2026-10-09) | Tradewire: https://www.housecallpro.com/about/tradewire/ (fetched 2026-10-09),unverified,164,27,,,
RFMA Facilitator (Restaurant Facility Management Association),https://www.rfmaonline.com/,Facilities Maintenance,paid,Restaurant chain facility and maintenance managers,not found,Bimonthly magazine Facilitator; articles reviewed by Editorial Board; media kit under Member Resources (per search only),not found,not found,not found,not found,Ads per media kit (not read),"RFMA is the RESTAURANT Facility Management Association, not the Retail one; site returned HTTP 403; digital magazine page returned HTTP 202 with no text. Policies unknown",3,Ask about contributed workforce-training piece for multi-unit restaurant facility teams,not found,fetch: https://www.rfmaonline.com/ http-403 (fetched 2026-10-09) | https://facilitator.mydigitalpublication.com/october-november-2024/page-2 http-202 (fetched 2026-10-09),unverified,165,27,recency-unconfirmed,,
LawnSite forum,https://www.lawnsite.com/,Landscaping,free,"Lawn care/landscape professionals and enthusiasts (7.2M posts, 252K members)",252K members (site),Forum threads,n/a,not found,not found,login required,Free,Community forum with affiliate-link disclosure; promotional posts by vendors likely restricted but rules not read. Not a byline channel.,2,Participate as an expert for credibility; no pitch.,2026-10-09,home: https://www.lawnsite.com/ (fetched 2026-10-09),unverified,166,27,,,
Pest Control Marketing Domination Podcast (Casey Lewis),https://castbox.fm/channel/Pest-Control-Marketing-Domination-Podcast-id5019066,Pest Control,free,Pest control owners (marketing focus),124 episodes (Castbox),Solo/marketing podcast,about 45-67 min,not found,Casey Lewis (host),phone listed 925-464-8383 on aggregator; no email,Not found,Marketing-agency-led; skeptical of software salespeople per show description. Aggregator source only,2,Low fit; phone-handling and training angle only,2026-10-03,episode list and description: https://castbox.fm/channel/Pest-Control-Marketing-Domination-Podcast-id5019066 (fetched 2026-10-09),unverified,167,27,,,
The Experience (R&R / Violand conference),https://www.theexperienceshow.com/,Restoration,paid,Restoration owners and managers,not found,"Convention and trade show; sponsorship, exhibit",not found,not found,not found,not found,not found,theexperienceshow.com returned a domain-parking page; event is listed by R&R as 'Convention & Trade Show' (BNP/R&R). Verify new domain before pursuing.,3,Speaker/sponsor route; verify first.,not found,domain parked: https://www.theexperienceshow.com/ (fetched 2026-10-09) | R&R nav/advertise mention: https://www.randrmagonline.com/advertise (fetched 2026-10-09),unverified,168,27,recency-unconfirmed,,
Workforce Dive (Informa TechTarget),https://www.workforcedive.com,"Adjacent (plumbing, electrical, home services, FSM, workforce, L&D)",free,Workforce development and training leaders,not found,News; opinion (rules not read),not found,not found,not found,not found,not found,Blocked by network policy; same parent as HR Dive (exclusivity and AI-ban rules probably shared; unconfirmed).,3,Skilled-trades workforce angle via expert commentary once access available.,not found,fetch attempt: https://www.workforcedive.com/ (blocked-by-network-policy 2026-10-09),blocked-by-network-policy,169,26,blocked; recency-unconfirmed,,
FieldRoutes Blog,https://www.fieldroutes.com/blog/page/1,Pest Control,free,Pest control operators,not found,"Vendor blog and customer stories (recruiting, retention, efficiency, SEO, Ignite 2026 live blog)",not found,not found,not found,not found,Not found,Company-run; no guest-post policy found; one customer-story post exists. Competitor-adjacent vendor,2,"Customer-story style post with a shared pest customer, or partner-marketing conversation",2026-10,blog page (Ignite 2026 post referenced as latest; no dates printed): https://www.fieldroutes.com/blog/page/1 (fetched 2026-10-09),unverified,170,25,,,
Disaster Recovery Journal (DRJ),https://drj.com/,Restoration,free,Business continuity / disaster recovery / resilience professionals (not restoration contractors),not found,"Quarterly digital magazine articles, online exclusives, press releases, sponsored content","1,500-2,000 words preferred (500 min, 3,000 max); online exclusives no limit",https://drj.com/journal-page/article-submission/,"Jon Seals, Editor in Chief",jon@drj.com,Free editorial; sponsored content paid (Bob Arnold bob@drj.com); press releases free,"VENDOR-NEUTRAL: no mention of BC-related vendors/products. Original, not simultaneously submitted; Word doc; bio and headshot; deadlines Jan 1/Apr 1/Jul 1/Oct 1. Poor audience fit.",1,Low priority: workforce readiness for disaster-response crews as online exclusive.,2026-09,guidelines: https://drj.com/journal-page/article-submission/ (fetched 2026-10-09) | recent: https://drj.com/ (fetched 2026-10-09),verified,171,25,vendor-restricted,,
The Restoration Marketing Experts Podcast,https://iheart.com/podcast/84197803/,Restoration,free,"Restoration company owners (SEO, ads, reputation)",not found,Short episodes,4-14 min,not found,Curt Olejnicak (host per search result),not found,not found,Marketing-agency show; weak fit for training platform. Not read beyond listing.,2,Only if marketing/retention angle: techs as brand ambassadors.,2026-10-01,episode dates: https://iheart.com/podcast/84197803/ (fetched 2026-10-09),unverified,172,25,,,
Albiware blog (restoration software vendor),https://www.albiware.com/blog/,Restoration,free,Restoration contractors,not found,Vendor blog,not found,not found,not found,not found,not found,Vendor blog; no guest guidelines found; competitor-adjacent software; RIA affinity partner. Low priority.,2,Co-marketing/integration post only if integration exists.,2026-06,blog page meta date: https://www.albiware.com/blog/ (fetched 2026-10-09) | affinity partner: https://www.restorationindustry.org/restoration-industry-media (fetched 2026-10-09),unverified,173,25,,,
Control Engineering (WTWH Media / Arrowfly),https://www.controleng.com/,Industrial Automation; Building Automation,free,"Controls/automation engineers, system integrators",not found,"Feature articles, web exclusives, case studies, newsletters","Online 600-3,000 words (shared guidelines)",https://www.csemag.com/connect/how-to-contribute/full-contributor-guidelines/,"Mark Hoske, Editor in Chief (per shared guidelines)",obfuscated - see page (MHoske at wtwhmedia.com per shared guidelines page),Free (contributed),SIBLING EXCLUSIVITY with Plant Engineering and Consulting-Specifying Engineer (see Plant Engineering row; pitch only one). controleng.com and its guidelines URL returned HTTP 403 so site content/recency not read; guidelines list 'education and training' as a trend topic and 'artificial intelligence' under information control. Also listed in research/building-automation.csv,2,"Same piece as Plant Engineering, only if that editor routes it here; training/ramp-time for controls integrators",not found,shared guidelines: https://www.csemag.com/connect/how-to-contribute/full-contributor-guidelines/ (fetched 2026-10-09) | controleng.com: STATUS=http-403 https://www.controleng.com/ and https://www.controleng.com/?p=127534 (fetched 2026-10-09),unverified,174,24,recency-unconfirmed,,Control Engineering (controleng.com)
"A3 - Association for Advancing Automation (Automate, Automated with Brian Heater podcast)",https://www.automate.org/,Industrial Automation,free,"Robotics and automation manufacturers, integrators, end users (1,400+ members per search snippet)","1,400+ member companies (search snippet, not read)","Blog, news, weekly podcast 'Automated with Brian Heater', Automate show, media relations",not found,not found,"Brian Heater, managing editor/host (per search snippet, not read)","jrose@automate.org listed as media contact in Sept 2025 press release (search snippet, not read from site) [jrose@automate.org: not found in any page text fetched by this run (likely search snippet); confirm on the outlet's site]",not found,"automate.org returned HTTP 403 - not read. Robotics-heavy, vendor audience; workforce/training is a secondary theme",2,Offer a podcast conversation on the robotics skills gap: technicians who maintain automated cells need faster ramp,not found,"automate.org: STATUS=http-403 https://www.automate.org/ (fetched 2026-10-09) | podcast/media contact (search result, not read): https://www.businesswire.com/news/home/20250917309923/en/A3-Launches-%E2%80%9CAutomated-with-Brian-Heater%E2%80%9D-Podcast-to-Explore-the-Future-of-Robotics-AI-and-Automation",unverified,175,24,recency-unconfirmed,,
QualityPro (NPMA-endorsed accreditation),https://www.qualitypro.org,Pest Control,free,Accredited pest companies and consumers,not found,"Accreditation, standards, training/certification (QualityPro Public Health, GreenPro, Schools)",not found,not found,not found,QualityPro@PestWorld.org,Not found,Not a content outlet; standards body. PestWorld magazine runs a Standards column about QualityPro (Sept-Oct 2026),2,"Relationship play: training-evidence for accreditation/credential prep, feeds the PestWorld Standards column",not found,homepage and contact: https://www.qualitypro.org (fetched 2026-10-09) | Standards column: https://www.npmapestworld.org/your-business/pestworld-magazine/26-5-september-october-2026/ (fetched 2026-10-09),unverified,176,24,recency-unconfirmed,,
"Facilities Management Journal (UK, fmj.co.uk)",https://www.fmj.co.uk/,Facilities Maintenance,free,UK facilities management professionals,not found,not found,not found,not found,not found,not found,not found,Blocked: HTTP 403; nothing read. UK audience limits fit,2,Low priority unless UK expansion,not found,fetch: https://www.fmj.co.uk/ http-403 (fetched 2026-10-09),unverified,177,22,recency-unconfirmed,,
"CMMS vendor blogs (Limble, UpKeep, Fiix, MAPCON)",https://mapcon.com/us-en/maintenance-management-blog-index,Facilities Maintenance,free,Maintenance managers evaluating CMMS,not found,Vendor blogs; no open guest-post program confirmed (Limble and Opmaint listings are paid writer jobs),not found,not found,not found,not found,not found,"Competitors/adjacent vendors; low fit, partnership co-marketing only. Not read beyond search listing",2,Co-authored integration/readiness content with a CMMS partner; only if partnership exists,not found,search listing only; no page read,unverified,178,22,recency-unconfirmed,,
FireRescue1 / ASIS Security Management (responder and security adjacent),https://www.firerescue1.com/,Fire and Life Safety,free,"Fire service professionals (FireRescue1, Lexipol); security managers (ASIS)",not found,"News, training, products (FireRescue1); ASIS Security Management magazine",not found,not found,not found,not found,not found,"FireRescue1 homepage read only (Lexipol, responder-oriented); ASIS Security Management page returned http-403 (not read). No contributor guidelines found. Low fit for fire protection contractors.",2,Skip unless a training angle for fire service emerges,not found,homepage: https://www.firerescue1.com/ (fetched 2026-10-09) | ASIS: https://www.asisonline.org/security-management-magazine/ (http-403),unverified,179,22,recency-unconfirmed,,
Jobber Academy / blog,https://getjobber.com/academy/,HVAC,free,not found,not found,not found,not found,not found,not found,not found,not found,fetch returned http-403,2,not found,not found,attempted: https://getjobber.com/academy/ (fetched 2026-10-09),unverified,180,22,recency-unconfirmed,,
RSES Journal / RSES,https://www.rses.org/,HVAC,free,not found,not found,not found,not found,not found,not found,not found,not found,fetch returned http-403,2,not found,not found,attempted: https://www.rses.org/ (fetched 2026-10-09),unverified,181,22,recency-unconfirmed,,
"ESCO Group (ESCO Institute, Did You Know? podcast)",https://escogroup.org/DidYouKnow.aspx,HVAC,free,not found,not found,not found,not found,not found,not found,not found,not found,fetch returned http-403,2,not found,not found,attempted: https://escogroup.org/DidYouKnow.aspx (fetched 2026-10-09),unverified,182,22,recency-unconfirmed,,
AHRI,https://www.ahrinet.org/,HVAC,free,not found,not found,not found,not found,not found,not found,not found,not found,news page returned no readable text; no contributed-content channel found,2,not found,not found,attempted: https://www.ahrinet.org/ (fetched 2026-10-09),unverified,183,22,recency-unconfirmed,,
Golf Course Industry (GIE Media),https://www.golfcourseindustry.com/,Landscaping,free,Golf course superintendents and turf managers,not found,"Features, annual reader-written 'Turfheads Take Over' issue, audio, digital","600-2,000 words (past 'Turfheads' calls, 2017-2022)",https://www.golfcourseindustry.com/news/golf-industry-writing-for-publication,"Guy Cipriano, editor-in-chief (named in 2022 call, per search); email not verified",not found,Free,"Pages returned empty text; details from search snippets of past calls. Parent GIE Media: sibling of Lawn & Landscape, so coordinate. Golf turf is a weak buyer fit for Quinn.",2,Only if Quinn targets turf crews: reader-written piece on training seasonal crews.,not found,past call: https://www.golfcourseindustry.com/news/golf-industry-writing-for-publication (fetched 2026-10-09) (empty text),unverified,184,22,recency-unconfirmed,,
LMN blog,https://www.lmnapp.com/blog,Landscaping,free,Landscape contractors,not found,not found,not found,not found,not found,not found,not found,Page returned empty text; nothing read. Vendor blog; guest policy unknown.,2,Skip for now.,not found,blog: https://www.lmnapp.com/blog (fetched 2026-10-09) (empty),unverified,185,22,recency-unconfirmed,,
IICRC (IICRCToday newsletter / Clean Trust),https://www.iicrc.org/news,Restoration,free,Certified restoration/cleaning firms and technicians,not found,"Press & news, IICRCToday newsletter, technical inserts, standards",not found,not found,not found,not found,not found,"No public contributor or guest guidelines found on pages read; standards-body, so commercial content unlikely. Instructor/school network is a possible partnership, not a media placement.",2,Not a first move; consider approved-school/instructor training partnership conversation.,not found,news page (nav only readable): https://www.iicrc.org/news (fetched 2026-10-09),unverified,186,22,recency-unconfirmed,,
Roofing Business Builder Podcast (Daniel Lakstins),https://roofingbusinessbuilder.buzzsprout.com/818962,Roofing,free,Roofing contractors,not found,Podcast,not found,not found,host named in search results only,not found,not found,Discovered via search/ServiceTitan list only; pages not read; recency not confirmed.,2,Guest pitch if later verified,not found,listing in WebSearch results/ServiceTitan list: https://servicetitan.com/blog/best-roofing-podcasts (fetched 2026-10-09),unverified,187,22,recency-unconfirmed,,
Roofing Roundtable,https://podcasts.apple.com/us/podcast/the-roofing-roundtable/id1685463581,Roofing,free,Roofing contractors,not found,Podcast,not found,not found,host named in search results only,not found,not found,Discovered via search/ServiceTitan list only; pages not read; recency not confirmed.,2,Guest pitch if later verified,not found,listing in WebSearch results/ServiceTitan list: https://servicetitan.com/blog/best-roofing-podcasts (fetched 2026-10-09),unverified,188,22,recency-unconfirmed,,
Ohio College Tech Prep Podcast,https://techprepemail.podbean.com,Trade Schools,free,Ohio CTE and tech prep educators,not found,Guest interviews,not found,not found,"Matt Cola (per search result, not on page read)",not found,Free,Search result says it seeks guests; Podbean page fetched was a login screen. Unverified.,2,Guest: employer expectations for apprentices.,not found,podcast page (login screen): https://techprepemail.podbean.com (fetched 2026-10-09),unverified,189,22,recency-unconfirmed,,
Win the Storm (event),https://roofingcontractor.com/events/4315-win-the-storm-2025,Roofing,paid,Storm/retail roofing contractors,not found,Conference; 2026 Dallas Oct 28-30 (per RC podcast listing),not found,not found,Josey Parks (founder),not found,not found,No public speaker call found; sponsor-driven speaker slots possible.,2,Sponsor/exhibit for 2027,2026-10,event described on RC podcast page: https://www.roofingcontractor.com/media/podcasts/5077 (fetched 2026-10-09),unverified,190,20,,,
Florida Pest Management Association (FPMA) - Pest Perspectives,https://flpma.org,Pest Control,paid,Florida pest management professionals,not found,"Association magazine (Pest Perspectives, per search result), EXPO sponsorship, regional meetings, member webinars",not found,not found,not found,"https://flpma.org/contact-fpma (page exists, not read)",EXPO sponsor/exhibitor info page exists; rates not read,Magazine existence not confirmed from on-site pages I read; advertising or submission rules not found,2,Regional sponsor or speaker pitch for Florida operators; low-priority,2026,about page and events nav: https://flpma.org/about-fpma (fetched 2026-10-09) | homepage: https://flpma.org (fetched 2026-10-09) | Pest Perspectives mention (search only): https://www.pctonline.com/news/fpma-installs-twenty-twenty-six-executive-leadership-team,unverified,191,19,recency-unconfirmed,,
Tech Directions,https://www.techdirections.com/,Trade Schools,paid,Technology and CTE educators,not found,Books and media store; magazine status unknown,not found,not found,Matt Knope (contact page),matt@techdirections.com,Not found,Site fetched appears to be a books/posters store; no magazine content or dates seen. May be inactive as a magazine.,2,Only if a magazine still runs.,not found,contact: https://www.techdirections.com/pages/contact-us (fetched 2026-10-09),unverified,192,19,recency-unconfirmed,,
Jobber blog,https://www.jobber.com/blog/,Landscaping,free,Home-service and landscaping small business owners,not found,not found,not found,not found,not found,not found,not found,http-403; nothing read. Likely vendor-controlled content; treat vendor ban/guest policy as unknown.,2,Skip for now.,not found,blog: https://www.jobber.com/blog/ (fetched 2026-10-09) (http-403),unverified,193,18,vendor-restricted; recency-unconfirmed,,
Field Service USA / Field Service Next (WBR Insights),https://fieldserviceusa.wbresearch.com,"Adjacent (plumbing, electrical, home services, FSM, workforce, L&D)",paid,Field service executives (OEM/service orgs),not found,"Conference speaking and sponsorship (April 26-29, 2027 San Diego per listing)",not found,not found,not found,not found,not found,Not read. thearea.org page fetched was a stale 2019 event listing; no speaker-call page found for 'Field Service Palm Springs' or 'Field Service Digital'. Treat as sponsor-gated. Do not rely on search listing.,2,Ask organizers about 2027 speaker call; session on frontline technician readiness.,not found,stale 2019 listing only: https://thearea.org/event/field-service/ (fetched 2026-10-09),unverified,194,17,recency-unconfirmed,,
Building Operating Management and Facility Maintenance Decisions (Trade Press sibling magazines),https://www.reachfms.com/,Facilities Maintenance,paid,BOM: facilities executives overseeing commercial/institutional buildings; FMD: maintenance and engineering managers (1.2M maintenance staff supervised per publisher),"BOM 60,000 and FMD 32,550 qualified circulation (publisher claims; AAM audited per publisher); 72% of BOM readers say they act on ads (publisher claim)","Print features, e-newsletters, Branded Features, white-label eBooks, original research/FM surveys, lead-gen pipeline programs, NFMT shows",not found,https://www.facilitiesnet.com/site/page.aspx?id=38391,Sales via reachfms.com contact page (named regional sales reps listed publicly); editorial: Dave Lubach (see FacilitiesNet),https://www.reachfms.com/contact.aspx (form/sales reps); editorial dave.lubach@tradepress.com,Paid programs only for Quinn; rates not found (request via sales),"SIBLING EXCLUSIVITY/VENDOR BAN: editorial for both magazines goes through the same FacilitiesNet contributed-content rules (no software providers; exclusive to FacilitiesNet) so one pitch covers the whole Trade Press family and cannot be shopped to HFT or others simultaneously. Reachfms policy page: publisher may label ad content that resembles editorial as 'advertisement'; 30-day cancellation notice, 25% fee otherwise",3,"Paid option: sponsored research/survey on technician onboarding and attrition in FM teams (Quinn benchmark ~40% faster ramp, 94% completion) then publish results across FMD/BOM; keep clearly sponsored",2026-10 (Oct 2026 webcasts on site),ad/audience: https://www.facilitiesnet.com/advertise (fetched 2026-10-09) | policies: https://www.reachfms.com/policies.aspx (fetched 2026-10-09) | research/white-label: https://www.reachfms.com/innovativesolutions.aspx (fetched 2026-10-09) | contacts: https://www.reachfms.com/contact.aspx (fetched 2026-10-09),verified,195,17,software-vendor-ban; exclusivity,,
Plumbing Engineer,https://www.pemag.com,Mechanical Contracting,free,Plumbing engineers,not found,not found,not found,not found,not found,not found,not found,blocked-by-network-policy,2,not assessed,not found,blocked: https://www.pemag.com (fetched 2026-10-09),blocked-by-network-policy,196,16,blocked; recency-unconfirmed,,
Workiz blog,https://www.workiz.com/blog/,"Adjacent (plumbing, electrical, home services, FSM, workforce, L&D)",free,Small field-service business owners,not found,Vendor SEO blog,not found,not found,not found,not found,Free,No guest/contributor policy found; competitor FSM blog publishing comparisons including ServiceTitan alternatives; vendor-owned. Jobber academy returned HTTP 403 (unverified).,1,Skip unless partnership.,2026-10,blog: https://www.workiz.com/blog/ (fetched 2026-10-09) | Jobber 403: https://getjobber.com/academy/ (HTTP 403 2026-10-09),unverified,197,15,,,
Irrigation Today (Irrigation Association),https://irrigationtoday.org/,Landscaping,free,Agricultural irrigation users and dealers,not found,"Magazine, news, 'Our Experts'",not found,not found,not found,not found,Advertise link exists; rates not found,"Content is agricultural irrigation, not landscape contractors; poor fit.",1,Skip.,2026-05-15,home: https://irrigationtoday.org/ (fetched 2026-10-09),unverified,198,15,,,
FacilitiesNet (Trade Press Media Group),https://www.facilitiesnet.com/,Facilities Maintenance,paid,"Facility managers/executives at commercial and institutional buildings (K-12, higher ed, healthcare, offices)","Trade Press claims 230,000 facilities professionals reached; BOM 60,000 and FMD 32,550 qualified print circulation; online home of BOM/FMD 152,228 avg monthly page views (publisher claims, AAM-audited per publisher)","Contributed articles (practitioners/consultants only), Facilities In Focus podcast (editors interview experts), Facility Influencers, Branded Features (paid), webcasts, white papers, research, case studies via product channel","500-1,000 words",https://www.facilitiesnet.com/site/page.aspx?id=38391,"Dave Lubach, chief editor (named on guidelines page)",dave.lubach@tradepress.com (proposals); fnproducts@tradepress.com (product releases/case studies),"Contributed articles free; paid routes: Branded Features, webcasts, white-label eBooks, research, ads (rates not found; contact sales via reachfms.com)","VENDOR BAN: 'We do not accept articles from product manufacturers or software providers' and 'solutions should not be brand-specific' (quoted from guidelines page). Quinn is a software provider so direct byline is barred; only route is a practitioner or customer-authored piece (e.g. a customer ops leader or independent consultant) with no Quinn branding, or paid Branded Features. 200-word synopsis first; articles EXCLUSIVE to FacilitiesNet. SIBLINGS (same parent Trade Press Media Group, share this contributing page): Building Operating Management, Facility Maintenance Decisions (magazines, hosted on facilitiesnet.com), Healthcare Facilities Today (own near-identical ban). No AI policy found",3,"Do not pitch as vendor. Paid first move: Branded Feature or free-webcast sponsorship on AI-driven ops/technician ramp. Free route needs a customer-authored byline: a facilities/trades ops leader on turning SOPs into courses (stat backing: White Knight Pest Control: 446 employees, 226 courses, 97% participation, 96% completion, reported ~$1M/yr technician attrition cost reduction (meetquinn.ai/results/white-knight)) with Quinn kept out of copy","2026-10 (webcasts dated Oct 8 and Oct 22, 2026 listed on site)",guidelines and vendor ban: https://www.facilitiesnet.com/site/page.aspx?id=38391 (fetched 2026-10-09) | advertise/audience numbers: https://www.facilitiesnet.com/advertise (fetched 2026-10-09) | siblings listed: https://www.reachfms.com/policies.aspx (fetched 2026-10-09) | branded features/webcasts: https://www.facilitiesnet.com/ (fetched 2026-10-09),verified,199,14,software-vendor-ban; ai-policy; exclusivity,,FacilitiesNet Vision Awards / awards
American Nurseryman,https://americannursery.com/,Landscaping,free,"Nursery, garden center and landscape plant professionals",not found,not found,not found,not found,not found,not found,not found,Page returned empty text; nothing read.,1,Low priority.,not found,home: https://americannursery.com/ (fetched 2026-10-09) (empty),unverified,200,12,recency-unconfirmed,,
ForConstructionPros,https://www.forconstructionpros.com,Mechanical Contracting,free,Heavy construction/equipment contractors (Endeavor/Informa-type trade site),not found,not found,not found,not found,not found,not found,not found,HTTP 403 to fetcher - unread. Low mechanical fit (heavy civil),1,Deprioritize,not found,fetch http-403: https://www.forconstructionpros.com (fetched 2026-10-09),unverified,201,12,recency-unconfirmed,,
ForConstructionPros - Expert Columns,https://www.forconstructionpros.com/22106209,Roofing,free,Heavy construction contractors (not roofing-specific),not found,Expert columns,not found,https://www.forconstructionpros.com/22106209,not found,not found,not found,Not read: server returned 403 (search snippet says 'Guidelines for Expert Columnists'). Low roofing relevance.,1,n/a unless guidelines allow cross-trade training topic,not found,homepage http-403: https://www.forconstructionpros.com/ (fetched 2026-10-09) | guidelines http-403: https://www.forconstructionpros.com/22106209 (fetched 2026-10-09),unverified,202,12,recency-unconfirmed,,
Pest Management Podcast (pestmanagementpodcast.com),https://www.pestmanagementpodcast.com,Pest Control,free,not found,not found,not found,not found,not found,not found,not found,not found,Domain blocked-by-network-policy; existence unconfirmed,1,Skip,not found,blocked: https://www.pestmanagementpodcast.com (fetched 2026-10-09),blocked-by-network-policy,203,6,blocked; recency-unconfirmed,,
Healthcare Facilities Today (Trade Press Media Group),https://www.healthcarefacilitiestoday.com/,Facilities Maintenance,paid,"Hospital/clinic/long-term care facility managers, engineers, designers","Trade Press: 21,000 print supplements, 50,000 monthly page views (publisher claims)","Contributed articles (practitioners only), case studies/product releases (manufacturers), Branded Features (paid), CEU content","1,200 words or fewer",https://www.healthcarefacilitiestoday.com/pages/Contributing-to-Healthcare-Facilities-Today--622,"Dan Hounsell, senior editor (named on page)",dan.hounsell@tradepressmedia.com (proposals); FNproducts@tradepress.com (case studies/products),Articles free; Branded Features paid (rates not found; contact sales rep),VENDOR BAN: 'we do not accept articles from product manufacturers or software designers'. 300-word synopsis first; EXCLUSIVE to HFT. Sibling of FacilitiesNet/BOM/FMD (same parent Trade Press Media Group). No AI policy found,2,"Low priority (healthcare niche, software ban). Only via a hospital facilities/trades customer byline; possible case study if a healthcare customer exists (do not invent)","2026-11 (upcoming event dated Nov 1, 2026 on page; no dated article read)",guidelines: https://www.healthcarefacilitiestoday.com/pages/Contributing-to-Healthcare-Facilities-Today--622?source=nav (fetched 2026-10-09) | siblings/parent: https://www.facilitiesnet.com/advertise (fetched 2026-10-09),verified,204,4,software-vendor-ban; ai-policy; exclusivity,,
D and A Pest Control Podcast,https://dandapestpodcast.buzzsprout.com/874597,Pest Control,free,Pest technicians,not found,Podcast,about 25-45 min,not found,"Daniel Fiedler, Aaron Bigornia (hosts per FieldRoutes list)",not found,Not found,Newest episode visible Nov 2024; no content in last 12 months,1,Skip,2024-11-14,episode list: https://dandapestpodcast.buzzsprout.com/874597 (fetched 2026-10-09),inactive,,9,inactive,,
Field Technologies Online,https://www.fieldtechnologiesonline.com,"Adjacent (plumbing, electrical, home services, FSM, workforce, L&D)",free,Life-sciences field service/compliance professionals,not found,Guest expert articles,"1,000-2,000 words",https://www.fieldtechnologiesonline.com/doc/guest-expert-article-guidelines-0001,Editor (not named),info@fieldtechnologiesonline.com,Free,"Vendor/supplier/technology-partner content NOT accepted even if non-promotional; AI-written text must be reworked, AI-generated images not accepted. Audience is life sciences, not trades. Newest visible dates 2024.",1,None - poor fit and appears inactive.,2024-06-19,guidelines/AI/vendor ban: https://www.fieldtechnologiesonline.com/doc/guest-expert-article-guidelines-0001 (fetched 2026-10-09) | recency: https://www.fieldtechnologiesonline.com/ (fetched 2026-10-09),inactive,,4,vendor-restricted; ai-policy; inactive,,
Grounds Maintenance,https://www.groundsmaintenance.com/,Landscaping,free,(former landscape grounds magazine),not found,not found,not found,not found,not found,not found,not found,Domain is now a premium domain for sale (DomainMarket); no publication content.,1,Not applicable.,not found,https://www.groundsmaintenance.com/ (fetched 2026-10-09),inactive,,9,inactive,,
Landscaper's Business Growth Podcast (John Giaccotto),https://rephonic.com/podcasts/the-landscapers-business-growth-podcast,Landscaping,free,Landscaping and lawn care owners,not found,Podcast interviews with owners/experts,45-57 min,not found,John Giaccotto (host),not found (listed on Rephonic only),Free guest; not found,"Only aggregator page read; newest episode shown 2024-12-30, so appears inactive (no content within 12 months seen).",2,None until activity confirmed.,2024-12-30,aggregator: https://rephonic.com/podcasts/the-landscapers-business-growth-podcast (fetched 2026-10-09),inactive,,21,inactive,,
LonMark International,https://lonmark.org/,Building Automation,free,LON/controls system integrators and developers,not found,"Blog, magazine archive, case studies, events",not found,not found,not found,not found,not found,Homepage last modified 2025-07-29; no content dated since 2025-10-09 seen; no contributor policy found; chaired by Tracy Markie of Engenuity Systems (per AutomatedBuildings media kit),1,Low priority; LON is legacy - skip unless recency changes,2025-07,homepage: https://lonmark.org/ (fetched 2026-10-09) | chair note: https://www.automatedbuildings.com/media-kit/ (fetched 2026-10-09),inactive,,9,inactive,,
"MCAA (Mechanical Business magazine, Inside MCAA podcast, events)",https://www.mcaa.org,Mechanical Contracting,free,Mechanical contractors (union/signatory-focused MCAA members),not found,"Mechanical Business magazine; Inside MCAA: The Blueprint for Mechanical Contracting podcast (hosted by Frank Favaro; episodes seen Jul 2024-Mar 2025 via search); conventions, technology committee, project management education",not found,not found,not found,help@mcaa.org (per search result; not read on site) [help@mcaa.org: not found in any page text fetched by this run (likely search snippet); confirm on the outlet's site],not found (membership likely required; associate membership),"mcaa.org returned HTTP 403 to fetcher - nothing verified. Do not conflate with Marie Curie Alumni Association results [merge: last content 2025-03 is >12 months old, set inactive]",5,Highest-fit association: pitch podcast guest / Mechanical Business byline / convention session on training and workforce with a mechanical-contractor customer; confirm process by calling MCAA,2025-03,podcast episodes (search result only): https://www.mcaa.org/news/inside-mcaa-the-blueprint-for-mechanical-contracting-ep-5-the-evolution-of-technology-in-the-mechanical-industry (fetch 403 on 026-10-09),inactive,,51,inactive,,
Pest Control Marketing Podcast (Hal Coleman and Mike Stewart),https://podcasts.apple.com/podcast/id1020838126,Pest Control,free,Pest control owners,150+ episodes,Podcast,about 30 min,not found,"Hal Coleman, Mike Stewart (hosts)",not found,Not found,Newest listed episode 2025-01-12 says show is not ending but changing focus; no content in last 12 months seen,1,Skip,2025-01-12,Apple listing: https://podcasts.apple.com/podcast/id1020838126 (fetched 2026-10-09),inactive,,9,inactive,,
Smart Buildings Academy Podcast (Phil Zito),https://podcast.smartbuildingsacademy.com,Building Automation,free,"BAS technicians, installers, integrators, contractors, owners/FMs (training audience)",not found,Weekly podcast episodes; blog; webinars,10-11 min read episode pages; audio length not found,https://www.smartbuildingsacademy.com/,"Phil Zito (host, per Apple listing)",Contact section on https://www.smartbuildingsacademy.com (form; no guest policy found),not found,"No guest/pitch policy found. FLAG: Smart Buildings Academy sells BAS technician training/workforce development programs, so it is a direct competitor to Quinn's training value prop - expect resistance or vendor-vs-vendor positioning; no AI policy found",3,"Only a collaboration/guest approach if SBA is open: 'SOP-to-course for BAS service calls' - but treat as competitive; better use as audience-research source (episodes on service calls, labor estimation, onboarding)",2026-10-08,"homepage: https://www.smartbuildingsacademy.com/ (fetched 2026-10-09) | podcast listing and episode date: https://podcast.smartbuildingsacademy.com (episode SBA 565 dated Oct 8, 2026) (fetched 2026-10-09)",unverified,,34,competitor; ai-policy,,
The Restoration Playbook Podcast (KnowHow) - COMPETITOR,https://restorationplaybook.transistor.fm/,Restoration,free,Restoration leaders (owners/execs),not found,Interview podcast 'Mission Critical' hosted by KnowHow CEO Leighton Healey,30-56 min,not found,"Leighton Healey (host, KnowHow CEO)",not found,not found,"VENDOR CONFLICT: run by KnowHow, a restoration workforce training/onboarding platform that directly competes with Quinn; also tied to R&R and RIA Cost of Doing Business Survey. Do not pitch. Guests are customers/operators.",1,Do not pitch; competitive intelligence only. Watch for KnowHow co-branding at R&R/RIA events.,2026-04-10,show description/episodes: https://restorationplaybook.transistor.fm/ (fetched 2026-10-09) | KnowHow in RIA survey: https://www.restorationindustry.org/restoration-industry-media (fetched 2026-10-09),verified,,27,competitor,,
The Restoration Revolution Podcast (Hazard Clean),https://www.buzzsprout.com/2286310,Restoration,free,Consumers/restoration prospects,not found,Company-owner podcast,~9 min,not found,Chad Mallonee,not found,not found,Company marketing podcast; no episode since July 2025.,1,None.,2025-07-23,https://www.buzzsprout.com/2286310 (fetched 2026-10-09),inactive,,9,inactive,,
